2025-08-11 14:20:46,990 [Worker-6: Loading available Gradle versions] INFO  o.e.b.c.i.u.g.PublishedGradleVersions - Gradle version information cache is up-to-date. Trying to read.
2025-08-13 14:11:41,617 [Worker-1: Loading available Gradle versions] INFO  o.e.b.c.i.u.g.PublishedGradleVersions - Gradle version information cache is out-of-date. Trying to update.
2025-08-18 14:21:40,790 [Worker-8: Loading available Gradle versions] INFO  o.e.b.c.i.u.g.PublishedGradleVersions - Gradle version information cache is out-of-date. Trying to update.
2025-08-20 14:16:58,898 [Worker-9: Loading available Gradle versions] INFO  o.e.b.c.i.u.g.PublishedGradleVersions - Gradle version information cache is out-of-date. Trying to update.
2025-08-22 14:19:22,634 [Worker-0: Loading available Gradle versions] INFO  o.e.b.c.i.u.g.PublishedGradleVersions - Gradle version information cache is up-to-date. Trying to read.
2025-08-27 14:49:09,707 [Worker-3: Loading available Gradle versions] INFO  o.e.b.c.i.u.g.PublishedGradleVersions - Gradle version information cache is out-of-date. Trying to update.
2025-08-27 15:36:38,864 [Worker-5: Loading available Gradle versions] INFO  o.e.b.c.i.u.g.PublishedGradleVersions - Gradle version information cache is up-to-date. Trying to read.
2025-08-29 14:20:43,739 [Worker-4: Loading available Gradle versions] INFO  o.e.b.c.i.u.g.PublishedGradleVersions - Gradle version information cache is out-of-date. Trying to update.
2025-08-29 14:38:15,993 [Worker-2: Loading available Gradle versions] INFO  o.e.b.c.i.u.g.PublishedGradleVersions - Gradle version information cache is up-to-date. Trying to read.
2025-09-01 14:43:37,397 [Worker-5: Loading available Gradle versions] INFO  o.e.b.c.i.u.g.PublishedGradleVersions - Gradle version information cache is out-of-date. Trying to update.
2025-09-03 14:21:43,165 [Worker-6: Loading available Gradle versions] INFO  o.e.b.c.i.u.g.PublishedGradleVersions - Gradle version information cache is up-to-date. Trying to read.
2025-09-03 15:03:15,448 [Worker-3: Loading available Gradle versions] INFO  o.e.b.c.i.u.g.PublishedGradleVersions - Gradle version information cache is out-of-date. Trying to update.
2025-09-05 14:42:22,773 [Worker-3: Loading available Gradle versions] INFO  o.e.b.c.i.u.g.PublishedGradleVersions - Gradle version information cache is up-to-date. Trying to read.
2025-09-08 14:11:01,691 [Worker-5: Loading available Gradle versions] INFO  o.e.b.c.i.u.g.PublishedGradleVersions - Gradle version information cache is up-to-date. Trying to read.
2025-09-10 14:27:49,344 [Worker-0: Loading available Gradle versions] INFO  o.e.b.c.i.u.g.PublishedGradleVersions - Gradle version information cache is out-of-date. Trying to update.
2025-09-17 14:21:39,095 [Worker-3: Loading available Gradle versions] INFO  o.e.b.c.i.u.g.PublishedGradleVersions - Gradle version information cache is up-to-date. Trying to read.
2025-09-19 14:56:20,411 [Worker-2: Loading available Gradle versions] INFO  o.e.b.c.i.u.g.PublishedGradleVersions - Gradle version information cache is out-of-date. Trying to update.
2025-09-19 15:30:33,487 [Worker-3: Loading available Gradle versions] INFO  o.e.b.c.i.u.g.PublishedGradleVersions - Gradle version information cache is up-to-date. Trying to read.
2025-09-22 14:23:54,295 [Worker-1: Loading available Gradle versions] INFO  o.e.b.c.i.u.g.PublishedGradleVersions - Gradle version information cache is up-to-date. Trying to read.
2025-09-24 14:28:27,035 [Worker-5: Loading available Gradle versions] INFO  o.e.b.c.i.u.g.PublishedGradleVersions - Gradle version information cache is out-of-date. Trying to update.
2025-10-08 14:32:42,300 [Worker-3: Loading available Gradle versions] INFO  o.e.b.c.i.u.g.PublishedGradleVersions - Gradle version information cache is out-of-date. Trying to update.
2025-10-10 15:01:12,494 [Worker-4: Loading available Gradle versions] INFO  o.e.b.c.i.u.g.PublishedGradleVersions - Gradle version information cache is out-of-date. Trying to update.
2025-10-10 15:11:40,864 [Worker-24: Launching mavenrun-ddd57a12-936a-4822-8937-bdd8cc9a0456] INFO  o.eclipse.m2e.core.internal.Bundles - getClasspathEntries(Bundle=org.eclipse.m2e.maven.runtime_3.9.700.20240602-2313 [642])
2025-10-10 15:11:40,867 [Worker-24: Launching mavenrun-ddd57a12-936a-4822-8937-bdd8cc9a0456] INFO  o.eclipse.m2e.core.internal.Bundles - 	Entry: C:\Users\Admin\.p2\pool\plugins\org.eclipse.m2e.maven.runtime_3.9.700.20240602-2313
2025-10-10 15:11:40,868 [Worker-24: Launching mavenrun-ddd57a12-936a-4822-8937-bdd8cc9a0456] INFO  o.eclipse.m2e.core.internal.Bundles - 	Entry: C:\Users\Admin\.p2\pool\plugins\org.eclipse.m2e.maven.runtime_3.9.700.20240602-2313\jars\aopalliance-1.0.jar
2025-10-10 15:11:40,868 [Worker-24: Launching mavenrun-ddd57a12-936a-4822-8937-bdd8cc9a0456] INFO  o.eclipse.m2e.core.internal.Bundles - 	Entry: C:\Users\Admin\.p2\pool\plugins\org.eclipse.m2e.maven.runtime_3.9.700.20240602-2313\jars\guice-5.1.0.jar
2025-10-10 15:11:40,868 [Worker-24: Launching mavenrun-ddd57a12-936a-4822-8937-bdd8cc9a0456] INFO  o.eclipse.m2e.core.internal.Bundles - 	Entry: C:\Users\Admin\.p2\pool\plugins\org.eclipse.m2e.maven.runtime_3.9.700.20240602-2313\jars\httpclient-4.5.14.jar
2025-10-10 15:11:40,868 [Worker-24: Launching mavenrun-ddd57a12-936a-4822-8937-bdd8cc9a0456] INFO  o.eclipse.m2e.core.internal.Bundles - 	Entry: C:\Users\Admin\.p2\pool\plugins\org.eclipse.m2e.maven.runtime_3.9.700.20240602-2313\jars\httpcore-4.4.16.jar
2025-10-10 15:11:40,868 [Worker-24: Launching mavenrun-ddd57a12-936a-4822-8937-bdd8cc9a0456] INFO  o.eclipse.m2e.core.internal.Bundles - 	Entry: C:\Users\Admin\.p2\pool\plugins\org.eclipse.m2e.maven.runtime_3.9.700.20240602-2313\jars\jansi-2.4.1.jar
2025-10-10 15:11:40,868 [Worker-24: Launching mavenrun-ddd57a12-936a-4822-8937-bdd8cc9a0456] INFO  o.eclipse.m2e.core.internal.Bundles - 	Entry: C:\Users\Admin\.p2\pool\plugins\org.eclipse.m2e.maven.runtime_3.9.700.20240602-2313\jars\jcl-over-slf4j-1.7.36.jar
2025-10-10 15:11:40,868 [Worker-24: Launching mavenrun-ddd57a12-936a-4822-8937-bdd8cc9a0456] INFO  o.eclipse.m2e.core.internal.Bundles - 	Entry: C:\Users\Admin\.p2\pool\plugins\org.eclipse.m2e.maven.runtime_3.9.700.20240602-2313\jars\maven-artifact-3.9.7.jar
2025-10-10 15:11:40,868 [Worker-24: Launching mavenrun-ddd57a12-936a-4822-8937-bdd8cc9a0456] INFO  o.eclipse.m2e.core.internal.Bundles - 	Entry: C:\Users\Admin\.p2\pool\plugins\org.eclipse.m2e.maven.runtime_3.9.700.20240602-2313\jars\maven-builder-support-3.9.7.jar
2025-10-10 15:11:40,868 [Worker-24: Launching mavenrun-ddd57a12-936a-4822-8937-bdd8cc9a0456] INFO  o.eclipse.m2e.core.internal.Bundles - 	Entry: C:\Users\Admin\.p2\pool\plugins\org.eclipse.m2e.maven.runtime_3.9.700.20240602-2313\jars\maven-compat-3.9.7.jar
2025-10-10 15:11:40,869 [Worker-24: Launching mavenrun-ddd57a12-936a-4822-8937-bdd8cc9a0456] INFO  o.eclipse.m2e.core.internal.Bundles - 	Entry: C:\Users\Admin\.p2\pool\plugins\org.eclipse.m2e.maven.runtime_3.9.700.20240602-2313\jars\maven-core-3.9.7.jar
2025-10-10 15:11:40,869 [Worker-24: Launching mavenrun-ddd57a12-936a-4822-8937-bdd8cc9a0456] INFO  o.eclipse.m2e.core.internal.Bundles - 	Entry: C:\Users\Admin\.p2\pool\plugins\org.eclipse.m2e.maven.runtime_3.9.700.20240602-2313\jars\maven-embedder-3.9.7.jar
2025-10-10 15:11:40,869 [Worker-24: Launching mavenrun-ddd57a12-936a-4822-8937-bdd8cc9a0456] INFO  o.eclipse.m2e.core.internal.Bundles - 	Entry: C:\Users\Admin\.p2\pool\plugins\org.eclipse.m2e.maven.runtime_3.9.700.20240602-2313\jars\maven-model-3.9.7.jar
2025-10-10 15:11:40,869 [Worker-24: Launching mavenrun-ddd57a12-936a-4822-8937-bdd8cc9a0456] INFO  o.eclipse.m2e.core.internal.Bundles - 	Entry: C:\Users\Admin\.p2\pool\plugins\org.eclipse.m2e.maven.runtime_3.9.700.20240602-2313\jars\maven-model-builder-3.9.7.jar
2025-10-10 15:11:40,869 [Worker-24: Launching mavenrun-ddd57a12-936a-4822-8937-bdd8cc9a0456] INFO  o.eclipse.m2e.core.internal.Bundles - 	Entry: C:\Users\Admin\.p2\pool\plugins\org.eclipse.m2e.maven.runtime_3.9.700.20240602-2313\jars\maven-plugin-api-3.9.7.jar
2025-10-10 15:11:40,869 [Worker-24: Launching mavenrun-ddd57a12-936a-4822-8937-bdd8cc9a0456] INFO  o.eclipse.m2e.core.internal.Bundles - 	Entry: C:\Users\Admin\.p2\pool\plugins\org.eclipse.m2e.maven.runtime_3.9.700.20240602-2313\jars\maven-repository-metadata-3.9.7.jar
2025-10-10 15:11:40,869 [Worker-24: Launching mavenrun-ddd57a12-936a-4822-8937-bdd8cc9a0456] INFO  o.eclipse.m2e.core.internal.Bundles - 	Entry: C:\Users\Admin\.p2\pool\plugins\org.eclipse.m2e.maven.runtime_3.9.700.20240602-2313\jars\maven-resolver-api-1.9.20.jar
2025-10-10 15:11:40,869 [Worker-24: Launching mavenrun-ddd57a12-936a-4822-8937-bdd8cc9a0456] INFO  o.eclipse.m2e.core.internal.Bundles - 	Entry: C:\Users\Admin\.p2\pool\plugins\org.eclipse.m2e.maven.runtime_3.9.700.20240602-2313\jars\maven-resolver-connector-basic-1.9.20.jar
2025-10-10 15:11:40,869 [Worker-24: Launching mavenrun-ddd57a12-936a-4822-8937-bdd8cc9a0456] INFO  o.eclipse.m2e.core.internal.Bundles - 	Entry: C:\Users\Admin\.p2\pool\plugins\org.eclipse.m2e.maven.runtime_3.9.700.20240602-2313\jars\maven-resolver-impl-1.9.20.jar
2025-10-10 15:11:40,870 [Worker-24: Launching mavenrun-ddd57a12-936a-4822-8937-bdd8cc9a0456] INFO  o.eclipse.m2e.core.internal.Bundles - 	Entry: C:\Users\Admin\.p2\pool\plugins\org.eclipse.m2e.maven.runtime_3.9.700.20240602-2313\jars\maven-resolver-named-locks-1.9.20.jar
2025-10-10 15:11:40,870 [Worker-24: Launching mavenrun-ddd57a12-936a-4822-8937-bdd8cc9a0456] INFO  o.eclipse.m2e.core.internal.Bundles - 	Entry: C:\Users\Admin\.p2\pool\plugins\org.eclipse.m2e.maven.runtime_3.9.700.20240602-2313\jars\maven-resolver-provider-3.9.7.jar
2025-10-10 15:11:40,870 [Worker-24: Launching mavenrun-ddd57a12-936a-4822-8937-bdd8cc9a0456] INFO  o.eclipse.m2e.core.internal.Bundles - 	Entry: C:\Users\Admin\.p2\pool\plugins\org.eclipse.m2e.maven.runtime_3.9.700.20240602-2313\jars\maven-resolver-spi-1.9.20.jar
2025-10-10 15:11:40,870 [Worker-24: Launching mavenrun-ddd57a12-936a-4822-8937-bdd8cc9a0456] INFO  o.eclipse.m2e.core.internal.Bundles - 	Entry: C:\Users\Admin\.p2\pool\plugins\org.eclipse.m2e.maven.runtime_3.9.700.20240602-2313\jars\maven-resolver-transport-file-1.9.20.jar
2025-10-10 15:11:40,870 [Worker-24: Launching mavenrun-ddd57a12-936a-4822-8937-bdd8cc9a0456] INFO  o.eclipse.m2e.core.internal.Bundles - 	Entry: C:\Users\Admin\.p2\pool\plugins\org.eclipse.m2e.maven.runtime_3.9.700.20240602-2313\jars\maven-resolver-transport-http-1.9.20.jar
2025-10-10 15:11:40,870 [Worker-24: Launching mavenrun-ddd57a12-936a-4822-8937-bdd8cc9a0456] INFO  o.eclipse.m2e.core.internal.Bundles - 	Entry: C:\Users\Admin\.p2\pool\plugins\org.eclipse.m2e.maven.runtime_3.9.700.20240602-2313\jars\maven-resolver-transport-wagon-1.9.20.jar
2025-10-10 15:11:40,870 [Worker-24: Launching mavenrun-ddd57a12-936a-4822-8937-bdd8cc9a0456] INFO  o.eclipse.m2e.core.internal.Bundles - 	Entry: C:\Users\Admin\.p2\pool\plugins\org.eclipse.m2e.maven.runtime_3.9.700.20240602-2313\jars\maven-resolver-util-1.9.20.jar
2025-10-10 15:11:40,870 [Worker-24: Launching mavenrun-ddd57a12-936a-4822-8937-bdd8cc9a0456] INFO  o.eclipse.m2e.core.internal.Bundles - 	Entry: C:\Users\Admin\.p2\pool\plugins\org.eclipse.m2e.maven.runtime_3.9.700.20240602-2313\jars\maven-settings-3.9.7.jar
2025-10-10 15:11:40,870 [Worker-24: Launching mavenrun-ddd57a12-936a-4822-8937-bdd8cc9a0456] INFO  o.eclipse.m2e.core.internal.Bundles - 	Entry: C:\Users\Admin\.p2\pool\plugins\org.eclipse.m2e.maven.runtime_3.9.700.20240602-2313\jars\maven-settings-builder-3.9.7.jar
2025-10-10 15:11:40,870 [Worker-24: Launching mavenrun-ddd57a12-936a-4822-8937-bdd8cc9a0456] INFO  o.eclipse.m2e.core.internal.Bundles - 	Entry: C:\Users\Admin\.p2\pool\plugins\org.eclipse.m2e.maven.runtime_3.9.700.20240602-2313\jars\maven-shared-utils-3.4.2.jar
2025-10-10 15:11:40,871 [Worker-24: Launching mavenrun-ddd57a12-936a-4822-8937-bdd8cc9a0456] INFO  o.eclipse.m2e.core.internal.Bundles - 	Entry: C:\Users\Admin\.p2\pool\plugins\org.eclipse.m2e.maven.runtime_3.9.700.20240602-2313\jars\org.eclipse.sisu.inject-0.9.0.M2.jar
2025-10-10 15:11:40,871 [Worker-24: Launching mavenrun-ddd57a12-936a-4822-8937-bdd8cc9a0456] INFO  o.eclipse.m2e.core.internal.Bundles - 	Entry: C:\Users\Admin\.p2\pool\plugins\org.eclipse.m2e.maven.runtime_3.9.700.20240602-2313\jars\org.eclipse.sisu.plexus-0.9.0.M2.jar
2025-10-10 15:11:40,871 [Worker-24: Launching mavenrun-ddd57a12-936a-4822-8937-bdd8cc9a0456] INFO  o.eclipse.m2e.core.internal.Bundles - 	Entry: C:\Users\Admin\.p2\pool\plugins\org.eclipse.m2e.maven.runtime_3.9.700.20240602-2313\jars\plexus-build-api-0.0.7.jar
2025-10-10 15:11:40,871 [Worker-24: Launching mavenrun-ddd57a12-936a-4822-8937-bdd8cc9a0456] INFO  o.eclipse.m2e.core.internal.Bundles - 	Entry: C:\Users\Admin\.p2\pool\plugins\org.eclipse.m2e.maven.runtime_3.9.700.20240602-2313\jars\plexus-build-api-1.2.0.jar
2025-10-10 15:11:40,871 [Worker-24: Launching mavenrun-ddd57a12-936a-4822-8937-bdd8cc9a0456] INFO  o.eclipse.m2e.core.internal.Bundles - 	Entry: C:\Users\Admin\.p2\pool\plugins\org.eclipse.m2e.maven.runtime_3.9.700.20240602-2313\jars\plexus-cipher-2.0.jar
2025-10-10 15:11:40,872 [Worker-24: Launching mavenrun-ddd57a12-936a-4822-8937-bdd8cc9a0456] INFO  o.eclipse.m2e.core.internal.Bundles - 	Entry: C:\Users\Admin\.p2\pool\plugins\org.eclipse.m2e.maven.runtime_3.9.700.20240602-2313\jars\plexus-classworlds-2.8.0.jar
2025-10-10 15:11:40,872 [Worker-24: Launching mavenrun-ddd57a12-936a-4822-8937-bdd8cc9a0456] INFO  o.eclipse.m2e.core.internal.Bundles - 	Entry: C:\Users\Admin\.p2\pool\plugins\org.eclipse.m2e.maven.runtime_3.9.700.20240602-2313\jars\plexus-component-annotations-2.1.0.jar
2025-10-10 15:11:40,872 [Worker-24: Launching mavenrun-ddd57a12-936a-4822-8937-bdd8cc9a0456] INFO  o.eclipse.m2e.core.internal.Bundles - 	Entry: C:\Users\Admin\.p2\pool\plugins\org.eclipse.m2e.maven.runtime_3.9.700.20240602-2313\jars\plexus-interpolation-1.27.jar
2025-10-10 15:11:40,872 [Worker-24: Launching mavenrun-ddd57a12-936a-4822-8937-bdd8cc9a0456] INFO  o.eclipse.m2e.core.internal.Bundles - 	Entry: C:\Users\Admin\.p2\pool\plugins\org.eclipse.m2e.maven.runtime_3.9.700.20240602-2313\jars\plexus-sec-dispatcher-2.0.jar
2025-10-10 15:11:40,872 [Worker-24: Launching mavenrun-ddd57a12-936a-4822-8937-bdd8cc9a0456] INFO  o.eclipse.m2e.core.internal.Bundles - 	Entry: C:\Users\Admin\.p2\pool\plugins\org.eclipse.m2e.maven.runtime_3.9.700.20240602-2313\jars\plexus-utils-3.5.1.jar
2025-10-10 15:11:40,872 [Worker-24: Launching mavenrun-ddd57a12-936a-4822-8937-bdd8cc9a0456] INFO  o.eclipse.m2e.core.internal.Bundles - 	Entry: C:\Users\Admin\.p2\pool\plugins\org.eclipse.m2e.maven.runtime_3.9.700.20240602-2313\jars\wagon-file-3.5.3.jar
2025-10-10 15:11:40,872 [Worker-24: Launching mavenrun-ddd57a12-936a-4822-8937-bdd8cc9a0456] INFO  o.eclipse.m2e.core.internal.Bundles - 	Entry: C:\Users\Admin\.p2\pool\plugins\org.eclipse.m2e.maven.runtime_3.9.700.20240602-2313\jars\wagon-http-3.5.3.jar
2025-10-10 15:11:40,872 [Worker-24: Launching mavenrun-ddd57a12-936a-4822-8937-bdd8cc9a0456] INFO  o.eclipse.m2e.core.internal.Bundles - 	Entry: C:\Users\Admin\.p2\pool\plugins\org.eclipse.m2e.maven.runtime_3.9.700.20240602-2313\jars\wagon-http-shared-3.5.3.jar
2025-10-10 15:11:40,873 [Worker-24: Launching mavenrun-ddd57a12-936a-4822-8937-bdd8cc9a0456] INFO  o.eclipse.m2e.core.internal.Bundles - 	Entry: C:\Users\Admin\.p2\pool\plugins\org.eclipse.m2e.maven.runtime_3.9.700.20240602-2313\jars\wagon-provider-api-3.5.3.jar
2025-10-10 15:11:40,874 [Worker-24: Launching mavenrun-ddd57a12-936a-4822-8937-bdd8cc9a0456] INFO  o.eclipse.m2e.core.internal.Bundles - getClasspathEntries(Bundle=com.google.guava_33.4.8.jre [1147])
2025-10-10 15:11:40,875 [Worker-24: Launching mavenrun-ddd57a12-936a-4822-8937-bdd8cc9a0456] INFO  o.eclipse.m2e.core.internal.Bundles - 	Entry: C:\Users\Admin\.p2\pool\plugins\com.google.guava_33.4.8.jre.jar
2025-10-10 15:11:40,875 [Worker-24: Launching mavenrun-ddd57a12-936a-4822-8937-bdd8cc9a0456] INFO  o.eclipse.m2e.core.internal.Bundles - getClasspathEntries(Bundle=slf4j.api_2.0.17 [1007])
2025-10-10 15:11:40,875 [Worker-24: Launching mavenrun-ddd57a12-936a-4822-8937-bdd8cc9a0456] INFO  o.eclipse.m2e.core.internal.Bundles - 	Entry: C:\Users\Admin\.p2\pool\plugins\slf4j.api_2.0.17.jar
2025-10-10 15:11:40,875 [Worker-24: Launching mavenrun-ddd57a12-936a-4822-8937-bdd8cc9a0456] INFO  o.eclipse.m2e.core.internal.Bundles - getClasspathEntries(Bundle=javax.inject_1.0.0.v20091030 [1223])
2025-10-10 15:11:40,876 [Worker-24: Launching mavenrun-ddd57a12-936a-4822-8937-bdd8cc9a0456] INFO  o.eclipse.m2e.core.internal.Bundles - 	Entry: C:\Users\Admin\.p2\pool\plugins\javax.inject_1.0.0.v20091030.jar
2025-10-10 15:11:40,876 [Worker-24: Launching mavenrun-ddd57a12-936a-4822-8937-bdd8cc9a0456] INFO  o.eclipse.m2e.core.internal.Bundles - getClasspathEntries(Bundle=javax.annotation_1.3.5.v20200909-1856 [44])
2025-10-10 15:11:40,876 [Worker-24: Launching mavenrun-ddd57a12-936a-4822-8937-bdd8cc9a0456] INFO  o.eclipse.m2e.core.internal.Bundles - 	Entry: C:\Users\Admin\.p2\pool\plugins\javax.annotation_1.3.5.v20200909-1856.jar
2025-10-10 15:11:40,876 [Worker-24: Launching mavenrun-ddd57a12-936a-4822-8937-bdd8cc9a0456] INFO  o.eclipse.m2e.core.internal.Bundles - getClasspathEntries(Bundle=org.apache.commons.cli_1.9.0 [1161])
2025-10-10 15:11:40,877 [Worker-24: Launching mavenrun-ddd57a12-936a-4822-8937-bdd8cc9a0456] INFO  o.eclipse.m2e.core.internal.Bundles - 	Entry: C:\Users\Admin\.p2\pool\plugins\org.apache.commons.cli_1.9.0.jar
2025-10-10 15:11:40,877 [Worker-24: Launching mavenrun-ddd57a12-936a-4822-8937-bdd8cc9a0456] INFO  o.eclipse.m2e.core.internal.Bundles - getClasspathEntries(Bundle=org.apache.commons.commons-codec_1.16.0 [81])
2025-10-10 15:11:40,877 [Worker-24: Launching mavenrun-ddd57a12-936a-4822-8937-bdd8cc9a0456] INFO  o.eclipse.m2e.core.internal.Bundles - 	Entry: C:\Users\Admin\.p2\pool\plugins\org.apache.commons.commons-codec_1.16.0.jar
2025-10-10 15:11:40,877 [Worker-24: Launching mavenrun-ddd57a12-936a-4822-8937-bdd8cc9a0456] INFO  o.eclipse.m2e.core.internal.Bundles - getClasspathEntries(Bundle=org.apache.commons.lang3_3.17.0 [1064])
2025-10-10 15:11:40,877 [Worker-24: Launching mavenrun-ddd57a12-936a-4822-8937-bdd8cc9a0456] INFO  o.eclipse.m2e.core.internal.Bundles - 	Entry: C:\Users\Admin\.p2\pool\plugins\org.apache.commons.lang3_3.17.0.jar
2025-10-10 15:11:40,877 [Worker-24: Launching mavenrun-ddd57a12-936a-4822-8937-bdd8cc9a0456] INFO  o.eclipse.m2e.core.internal.Bundles - getClasspathEntries(Bundle=com.google.guava.failureaccess_1.0.3 [1148])
2025-10-10 15:11:40,878 [Worker-24: Launching mavenrun-ddd57a12-936a-4822-8937-bdd8cc9a0456] INFO  o.eclipse.m2e.core.internal.Bundles - 	Entry: C:\Users\Admin\.p2\pool\plugins\com.google.guava.failureaccess_1.0.3.jar
2025-10-10 15:11:40,881 [Worker-24: Launching mavenrun-ddd57a12-936a-4822-8937-bdd8cc9a0456] INFO  o.e.m.i.launch.MavenLaunchDelegate - Run build in "C:\Users\Admin\AppData\Local\Temp\m2e-archetypeGenerator10172500344860259888":
2025-10-10 15:11:40,886 [Worker-24: Launching mavenrun-ddd57a12-936a-4822-8937-bdd8cc9a0456] INFO  o.e.m.i.launch.MavenLaunchDelegate -  mvn  -DarchetypeGroupId=org.apache.maven.archetypes -DarchetypeArtifactId=maven-archetype-quickstart -DarchetypeVersion=1.1 -DgroupId=com.test -DartifactId=Selenium_MVN -Dversion=0.0.1-SNAPSHOT -Dpackage=com.test -DoutputDirectory="C:\Users\Admin\Automation MWF 2-00 to 4-00" -Dstyle.color=always -U archetype:generate
2025-10-10 15:12:05,146 [Worker-25: Creating maven-archetype-quickstart] INFO  o.e.m.c.i.p.ProjectConfigurationManager - Collecting project info '/pom.xml' C:\Users\Admin\Automation MWF 2-00 to 4-00\Selenium_MVN\pom.xml
2025-10-10 15:12:05,922 [Worker-25: Creating maven-archetype-quickstart] INFO  o.e.m.c.i.l.LifecycleMappingFactory - Using org.eclipse.m2e.jdt.JarLifecycleMapping lifecycle mapping for MavenProject: com.test:Selenium_MVN:0.0.1-SNAPSHOT @ C:\Users\Admin\Automation MWF 2-00 to 4-00\Selenium_MVN\pom.xml.
2025-10-10 15:12:06,720 [Worker-25: Creating maven-archetype-quickstart] INFO  o.e.m.j.i.AbstractJavaProjectConfigurator - Adding source folder /Selenium_MVN/src/main/java
2025-10-10 15:12:06,722 [Worker-25: Creating maven-archetype-quickstart] INFO  o.e.m.j.i.AbstractJavaProjectConfigurator - Adding resource folder /Selenium_MVN/src/main/resources
2025-10-10 15:12:06,726 [Worker-25: Creating maven-archetype-quickstart] INFO  o.e.m.j.i.AbstractJavaProjectConfigurator - Adding source folder /Selenium_MVN/src/test/java
2025-10-10 15:12:06,727 [Worker-25: Creating maven-archetype-quickstart] INFO  o.e.m.j.i.AbstractJavaProjectConfigurator - Adding resource folder /Selenium_MVN/src/test/resources
2025-10-10 15:12:06,865 [Worker-25: Creating maven-archetype-quickstart] INFO  o.e.m.c.i.p.ProjectConfigurationManager - Imported and configured 1 project(s) in 1 sec
2025-10-10 15:12:07,824 [Worker-27: Building] INFO  o.a.m.s.f.DefaultMavenResourcesFiltering - skip non existing resourceDirectory C:\Users\Admin\Automation MWF 2-00 to 4-00\Selenium_MVN\src\main\resources
2025-10-10 15:12:07,829 [Worker-27: Building] INFO  o.a.m.s.f.DefaultMavenResourcesFiltering - skip non existing resourceDirectory C:\Users\Admin\Automation MWF 2-00 to 4-00\Selenium_MVN\src\test\resources
2025-10-10 15:19:46,599 [Worker-28: Building] INFO  o.e.m.c.i.l.LifecycleMappingFactory - Using org.eclipse.m2e.jdt.JarLifecycleMapping lifecycle mapping for MavenProject: com.test:Selenium_MVN:0.0.1-SNAPSHOT @ C:\Users\Admin\Automation MWF 2-00 to 4-00\Selenium_MVN\pom.xml.
2025-10-10 15:19:46,736 [Worker-28: Building] INFO  o.e.m.c.i.e.AbstractTransferListenerAdapter - Downloading https://repo.maven.apache.org/maven2/org/seleniumhq/selenium/selenium-java/4.36.0/selenium-java-4.36.0.pom
2025-10-10 15:19:46,748 [Worker-28: Building] INFO  o.e.m.c.i.e.AbstractTransferListenerAdapter - Downloaded https://repo.maven.apache.org/maven2/org/seleniumhq/selenium/selenium-java/4.36.0/selenium-java-4.36.0.pom
2025-10-10 15:19:46,810 [Worker-28: Building] INFO  o.e.m.c.i.e.AbstractTransferListenerAdapter - Downloading https://repo.maven.apache.org/maven2/org/seleniumhq/selenium/selenium-api/4.36.0/selenium-api-4.36.0.pom
2025-10-10 15:19:46,816 [Worker-28: Building] INFO  o.e.m.c.i.e.AbstractTransferListenerAdapter - Downloaded https://repo.maven.apache.org/maven2/org/seleniumhq/selenium/selenium-api/4.36.0/selenium-api-4.36.0.pom
2025-10-10 15:19:46,897 [Worker-28: Building] INFO  o.e.m.c.i.e.AbstractTransferListenerAdapter - Downloading https://repo.maven.apache.org/maven2/org/seleniumhq/selenium/selenium-chrome-driver/4.36.0/selenium-chrome-driver-4.36.0.pom
2025-10-10 15:19:46,904 [Worker-28: Building] INFO  o.e.m.c.i.e.AbstractTransferListenerAdapter - Downloaded https://repo.maven.apache.org/maven2/org/seleniumhq/selenium/selenium-chrome-driver/4.36.0/selenium-chrome-driver-4.36.0.pom
2025-10-10 15:19:46,977 [Worker-28: Building] INFO  o.e.m.c.i.e.AbstractTransferListenerAdapter - Downloading https://repo.maven.apache.org/maven2/org/seleniumhq/selenium/selenium-chromium-driver/4.36.0/selenium-chromium-driver-4.36.0.pom
2025-10-10 15:19:46,984 [Worker-28: Building] INFO  o.e.m.c.i.e.AbstractTransferListenerAdapter - Downloaded https://repo.maven.apache.org/maven2/org/seleniumhq/selenium/selenium-chromium-driver/4.36.0/selenium-chromium-driver-4.36.0.pom
2025-10-10 15:19:47,047 [Worker-28: Building] INFO  o.e.m.c.i.e.AbstractTransferListenerAdapter - Downloading https://repo.maven.apache.org/maven2/org/seleniumhq/selenium/selenium-json/4.36.0/selenium-json-4.36.0.pom
2025-10-10 15:19:47,052 [Worker-28: Building] INFO  o.e.m.c.i.e.AbstractTransferListenerAdapter - Downloaded https://repo.maven.apache.org/maven2/org/seleniumhq/selenium/selenium-json/4.36.0/selenium-json-4.36.0.pom
2025-10-10 15:19:47,107 [Worker-28: Building] INFO  o.e.m.c.i.e.AbstractTransferListenerAdapter - Downloading https://repo.maven.apache.org/maven2/org/seleniumhq/selenium/selenium-remote-driver/4.36.0/selenium-remote-driver-4.36.0.pom
2025-10-10 15:19:47,115 [Worker-28: Building] INFO  o.e.m.c.i.e.AbstractTransferListenerAdapter - Downloaded https://repo.maven.apache.org/maven2/org/seleniumhq/selenium/selenium-remote-driver/4.36.0/selenium-remote-driver-4.36.0.pom
2025-10-10 15:19:47,175 [Worker-28: Building] INFO  o.e.m.c.i.e.AbstractTransferListenerAdapter - Downloading https://repo.maven.apache.org/maven2/com/google/guava/guava/33.5.0-jre/guava-33.5.0-jre.pom
2025-10-10 15:19:47,180 [Worker-28: Building] INFO  o.e.m.c.i.e.AbstractTransferListenerAdapter - Downloaded https://repo.maven.apache.org/maven2/com/google/guava/guava/33.5.0-jre/guava-33.5.0-jre.pom
2025-10-10 15:19:47,248 [Worker-28: Building] INFO  o.e.m.c.i.e.AbstractTransferListenerAdapter - Downloading https://repo.maven.apache.org/maven2/com/google/guava/guava-parent/33.5.0-jre/guava-parent-33.5.0-jre.pom
2025-10-10 15:19:47,280 [Worker-28: Building] INFO  o.e.m.c.i.e.AbstractTransferListenerAdapter - Downloaded https://repo.maven.apache.org/maven2/com/google/guava/guava-parent/33.5.0-jre/guava-parent-33.5.0-jre.pom
2025-10-10 15:19:47,358 [Worker-28: Building] INFO  o.e.m.c.i.e.AbstractTransferListenerAdapter - Downloading https://repo.maven.apache.org/maven2/com/google/errorprone/error_prone_annotations/2.41.0/error_prone_annotations-2.41.0.pom
2025-10-10 15:19:47,363 [Worker-28: Building] INFO  o.e.m.c.i.e.AbstractTransferListenerAdapter - Downloaded https://repo.maven.apache.org/maven2/com/google/errorprone/error_prone_annotations/2.41.0/error_prone_annotations-2.41.0.pom
2025-10-10 15:19:47,424 [Worker-28: Building] INFO  o.e.m.c.i.e.AbstractTransferListenerAdapter - Downloading https://repo.maven.apache.org/maven2/com/google/errorprone/error_prone_parent/2.41.0/error_prone_parent-2.41.0.pom
2025-10-10 15:19:47,430 [Worker-28: Building] INFO  o.e.m.c.i.e.AbstractTransferListenerAdapter - Downloaded https://repo.maven.apache.org/maven2/com/google/errorprone/error_prone_parent/2.41.0/error_prone_parent-2.41.0.pom
2025-10-10 15:19:47,488 [Worker-28: Building] INFO  o.e.m.c.i.e.AbstractTransferListenerAdapter - Downloading https://repo.maven.apache.org/maven2/com/google/j2objc/j2objc-annotations/3.1/j2objc-annotations-3.1.pom
2025-10-10 15:19:47,493 [Worker-28: Building] INFO  o.e.m.c.i.e.AbstractTransferListenerAdapter - Downloaded https://repo.maven.apache.org/maven2/com/google/j2objc/j2objc-annotations/3.1/j2objc-annotations-3.1.pom
2025-10-10 15:19:47,546 [Worker-28: Building] INFO  o.e.m.c.i.e.AbstractTransferListenerAdapter - Downloading https://repo.maven.apache.org/maven2/io/opentelemetry/opentelemetry-api/1.54.0/opentelemetry-api-1.54.0.pom
2025-10-10 15:19:47,550 [Worker-28: Building] INFO  o.e.m.c.i.e.AbstractTransferListenerAdapter - Downloaded https://repo.maven.apache.org/maven2/io/opentelemetry/opentelemetry-api/1.54.0/opentelemetry-api-1.54.0.pom
2025-10-10 15:19:47,600 [Worker-28: Building] INFO  o.e.m.c.i.e.AbstractTransferListenerAdapter - Downloading https://repo.maven.apache.org/maven2/io/opentelemetry/opentelemetry-context/1.54.0/opentelemetry-context-1.54.0.pom
2025-10-10 15:19:47,605 [Worker-28: Building] INFO  o.e.m.c.i.e.AbstractTransferListenerAdapter - Downloaded https://repo.maven.apache.org/maven2/io/opentelemetry/opentelemetry-context/1.54.0/opentelemetry-context-1.54.0.pom
2025-10-10 15:19:47,657 [Worker-28: Building] INFO  o.e.m.c.i.e.AbstractTransferListenerAdapter - Downloading https://repo.maven.apache.org/maven2/io/opentelemetry/opentelemetry-common/1.54.0/opentelemetry-common-1.54.0.pom
2025-10-10 15:19:47,660 [Worker-28: Building] INFO  o.e.m.c.i.e.AbstractTransferListenerAdapter - Downloaded https://repo.maven.apache.org/maven2/io/opentelemetry/opentelemetry-common/1.54.0/opentelemetry-common-1.54.0.pom
2025-10-10 15:19:47,717 [Worker-28: Building] INFO  o.e.m.c.i.e.AbstractTransferListenerAdapter - Downloading https://repo.maven.apache.org/maven2/io/opentelemetry/opentelemetry-exporter-logging/1.54.0/opentelemetry-exporter-logging-1.54.0.pom
2025-10-10 15:19:47,730 [Worker-28: Building] INFO  o.e.m.c.i.e.AbstractTransferListenerAdapter - Downloaded https://repo.maven.apache.org/maven2/io/opentelemetry/opentelemetry-exporter-logging/1.54.0/opentelemetry-exporter-logging-1.54.0.pom
2025-10-10 15:19:47,790 [Worker-28: Building] INFO  o.e.m.c.i.e.AbstractTransferListenerAdapter - Downloading https://repo.maven.apache.org/maven2/io/opentelemetry/opentelemetry-sdk/1.54.0/opentelemetry-sdk-1.54.0.pom
2025-10-10 15:19:47,793 [Worker-28: Building] INFO  o.e.m.c.i.e.AbstractTransferListenerAdapter - Downloaded https://repo.maven.apache.org/maven2/io/opentelemetry/opentelemetry-sdk/1.54.0/opentelemetry-sdk-1.54.0.pom
2025-10-10 15:19:47,844 [Worker-28: Building] INFO  o.e.m.c.i.e.AbstractTransferListenerAdapter - Downloading https://repo.maven.apache.org/maven2/io/opentelemetry/opentelemetry-sdk-common/1.54.0/opentelemetry-sdk-common-1.54.0.pom
2025-10-10 15:19:47,848 [Worker-28: Building] INFO  o.e.m.c.i.e.AbstractTransferListenerAdapter - Downloaded https://repo.maven.apache.org/maven2/io/opentelemetry/opentelemetry-sdk-common/1.54.0/opentelemetry-sdk-common-1.54.0.pom
2025-10-10 15:19:47,900 [Worker-28: Building] INFO  o.e.m.c.i.e.AbstractTransferListenerAdapter - Downloading https://repo.maven.apache.org/maven2/io/opentelemetry/opentelemetry-sdk-trace/1.54.0/opentelemetry-sdk-trace-1.54.0.pom
2025-10-10 15:19:47,904 [Worker-28: Building] INFO  o.e.m.c.i.e.AbstractTransferListenerAdapter - Downloaded https://repo.maven.apache.org/maven2/io/opentelemetry/opentelemetry-sdk-trace/1.54.0/opentelemetry-sdk-trace-1.54.0.pom
2025-10-10 15:19:47,958 [Worker-28: Building] INFO  o.e.m.c.i.e.AbstractTransferListenerAdapter - Downloading https://repo.maven.apache.org/maven2/io/opentelemetry/opentelemetry-sdk-metrics/1.54.0/opentelemetry-sdk-metrics-1.54.0.pom
2025-10-10 15:19:47,962 [Worker-28: Building] INFO  o.e.m.c.i.e.AbstractTransferListenerAdapter - Downloaded https://repo.maven.apache.org/maven2/io/opentelemetry/opentelemetry-sdk-metrics/1.54.0/opentelemetry-sdk-metrics-1.54.0.pom
2025-10-10 15:19:48,013 [Worker-28: Building] INFO  o.e.m.c.i.e.AbstractTransferListenerAdapter - Downloading https://repo.maven.apache.org/maven2/io/opentelemetry/opentelemetry-sdk-logs/1.54.0/opentelemetry-sdk-logs-1.54.0.pom
2025-10-10 15:19:48,017 [Worker-28: Building] INFO  o.e.m.c.i.e.AbstractTransferListenerAdapter - Downloaded https://repo.maven.apache.org/maven2/io/opentelemetry/opentelemetry-sdk-logs/1.54.0/opentelemetry-sdk-logs-1.54.0.pom
2025-10-10 15:19:48,102 [Worker-28: Building] INFO  o.e.m.c.i.e.AbstractTransferListenerAdapter - Downloading https://repo.maven.apache.org/maven2/io/opentelemetry/opentelemetry-sdk-extension-autoconfigure-spi/1.54.0/opentelemetry-sdk-extension-autoconfigure-spi-1.54.0.pom
2025-10-10 15:19:48,106 [Worker-28: Building] INFO  o.e.m.c.i.e.AbstractTransferListenerAdapter - Downloaded https://repo.maven.apache.org/maven2/io/opentelemetry/opentelemetry-sdk-extension-autoconfigure-spi/1.54.0/opentelemetry-sdk-extension-autoconfigure-spi-1.54.0.pom
2025-10-10 15:19:48,156 [Worker-28: Building] INFO  o.e.m.c.i.e.AbstractTransferListenerAdapter - Downloading https://repo.maven.apache.org/maven2/io/opentelemetry/opentelemetry-sdk-extension-autoconfigure/1.54.0/opentelemetry-sdk-extension-autoconfigure-1.54.0.pom
2025-10-10 15:19:48,161 [Worker-28: Building] INFO  o.e.m.c.i.e.AbstractTransferListenerAdapter - Downloaded https://repo.maven.apache.org/maven2/io/opentelemetry/opentelemetry-sdk-extension-autoconfigure/1.54.0/opentelemetry-sdk-extension-autoconfigure-1.54.0.pom
2025-10-10 15:19:48,246 [Worker-28: Building] INFO  o.e.m.c.i.e.AbstractTransferListenerAdapter - Downloading https://repo.maven.apache.org/maven2/org/seleniumhq/selenium/selenium-http/4.36.0/selenium-http-4.36.0.pom
2025-10-10 15:19:48,251 [Worker-28: Building] INFO  o.e.m.c.i.e.AbstractTransferListenerAdapter - Downloaded https://repo.maven.apache.org/maven2/org/seleniumhq/selenium/selenium-http/4.36.0/selenium-http-4.36.0.pom
2025-10-10 15:19:48,318 [Worker-28: Building] INFO  o.e.m.c.i.e.AbstractTransferListenerAdapter - Downloading https://repo.maven.apache.org/maven2/org/seleniumhq/selenium/selenium-manager/4.36.0/selenium-manager-4.36.0.pom
2025-10-10 15:19:48,324 [Worker-28: Building] INFO  o.e.m.c.i.e.AbstractTransferListenerAdapter - Downloaded https://repo.maven.apache.org/maven2/org/seleniumhq/selenium/selenium-manager/4.36.0/selenium-manager-4.36.0.pom
2025-10-10 15:19:48,375 [Worker-28: Building] INFO  o.e.m.c.i.e.AbstractTransferListenerAdapter - Downloading https://repo.maven.apache.org/maven2/org/seleniumhq/selenium/selenium-os/4.36.0/selenium-os-4.36.0.pom
2025-10-10 15:19:48,379 [Worker-28: Building] INFO  o.e.m.c.i.e.AbstractTransferListenerAdapter - Downloaded https://repo.maven.apache.org/maven2/org/seleniumhq/selenium/selenium-os/4.36.0/selenium-os-4.36.0.pom
2025-10-10 15:19:48,449 [Worker-28: Building] INFO  o.e.m.c.i.e.AbstractTransferListenerAdapter - Downloading https://repo.maven.apache.org/maven2/org/seleniumhq/selenium/selenium-devtools-v138/4.36.0/selenium-devtools-v138-4.36.0.pom
2025-10-10 15:19:48,452 [Worker-28: Building] INFO  o.e.m.c.i.e.AbstractTransferListenerAdapter - Downloaded https://repo.maven.apache.org/maven2/org/seleniumhq/selenium/selenium-devtools-v138/4.36.0/selenium-devtools-v138-4.36.0.pom
2025-10-10 15:19:48,506 [Worker-28: Building] INFO  o.e.m.c.i.e.AbstractTransferListenerAdapter - Downloading https://repo.maven.apache.org/maven2/org/seleniumhq/selenium/selenium-devtools-v139/4.36.0/selenium-devtools-v139-4.36.0.pom
2025-10-10 15:19:48,509 [Worker-28: Building] INFO  o.e.m.c.i.e.AbstractTransferListenerAdapter - Downloaded https://repo.maven.apache.org/maven2/org/seleniumhq/selenium/selenium-devtools-v139/4.36.0/selenium-devtools-v139-4.36.0.pom
2025-10-10 15:19:48,560 [Worker-28: Building] INFO  o.e.m.c.i.e.AbstractTransferListenerAdapter - Downloading https://repo.maven.apache.org/maven2/org/seleniumhq/selenium/selenium-devtools-v140/4.36.0/selenium-devtools-v140-4.36.0.pom
2025-10-10 15:19:48,564 [Worker-28: Building] INFO  o.e.m.c.i.e.AbstractTransferListenerAdapter - Downloaded https://repo.maven.apache.org/maven2/org/seleniumhq/selenium/selenium-devtools-v140/4.36.0/selenium-devtools-v140-4.36.0.pom
2025-10-10 15:19:48,618 [Worker-28: Building] INFO  o.e.m.c.i.e.AbstractTransferListenerAdapter - Downloading https://repo.maven.apache.org/maven2/org/seleniumhq/selenium/selenium-edge-driver/4.36.0/selenium-edge-driver-4.36.0.pom
2025-10-10 15:19:48,622 [Worker-28: Building] INFO  o.e.m.c.i.e.AbstractTransferListenerAdapter - Downloaded https://repo.maven.apache.org/maven2/org/seleniumhq/selenium/selenium-edge-driver/4.36.0/selenium-edge-driver-4.36.0.pom
2025-10-10 15:19:48,670 [Worker-28: Building] INFO  o.e.m.c.i.e.AbstractTransferListenerAdapter - Downloading https://repo.maven.apache.org/maven2/org/seleniumhq/selenium/selenium-firefox-driver/4.36.0/selenium-firefox-driver-4.36.0.pom
2025-10-10 15:19:48,674 [Worker-28: Building] INFO  o.e.m.c.i.e.AbstractTransferListenerAdapter - Downloaded https://repo.maven.apache.org/maven2/org/seleniumhq/selenium/selenium-firefox-driver/4.36.0/selenium-firefox-driver-4.36.0.pom
2025-10-10 15:19:48,724 [Worker-28: Building] INFO  o.e.m.c.i.e.AbstractTransferListenerAdapter - Downloading https://repo.maven.apache.org/maven2/org/seleniumhq/selenium/selenium-ie-driver/4.36.0/selenium-ie-driver-4.36.0.pom
2025-10-10 15:19:48,728 [Worker-28: Building] INFO  o.e.m.c.i.e.AbstractTransferListenerAdapter - Downloaded https://repo.maven.apache.org/maven2/org/seleniumhq/selenium/selenium-ie-driver/4.36.0/selenium-ie-driver-4.36.0.pom
2025-10-10 15:19:48,783 [Worker-28: Building] INFO  o.e.m.c.i.e.AbstractTransferListenerAdapter - Downloading https://repo.maven.apache.org/maven2/org/seleniumhq/selenium/selenium-safari-driver/4.36.0/selenium-safari-driver-4.36.0.pom
2025-10-10 15:19:48,787 [Worker-28: Building] INFO  o.e.m.c.i.e.AbstractTransferListenerAdapter - Downloaded https://repo.maven.apache.org/maven2/org/seleniumhq/selenium/selenium-safari-driver/4.36.0/selenium-safari-driver-4.36.0.pom
2025-10-10 15:19:48,842 [Worker-28: Building] INFO  o.e.m.c.i.e.AbstractTransferListenerAdapter - Downloading https://repo.maven.apache.org/maven2/org/seleniumhq/selenium/selenium-support/4.36.0/selenium-support-4.36.0.pom
2025-10-10 15:19:48,845 [Worker-28: Building] INFO  o.e.m.c.i.e.AbstractTransferListenerAdapter - Downloaded https://repo.maven.apache.org/maven2/org/seleniumhq/selenium/selenium-support/4.36.0/selenium-support-4.36.0.pom
2025-10-10 15:19:48,915 [Worker-28: Building] INFO  o.e.m.c.i.e.AbstractTransferListenerAdapter - Downloading https://repo.maven.apache.org/maven2/org/seleniumhq/selenium/selenium-java/4.36.0/selenium-java-4.36.0.jar
2025-10-10 15:19:48,919 [Worker-28: Building] INFO  o.e.m.c.i.e.AbstractTransferListenerAdapter - Downloaded https://repo.maven.apache.org/maven2/org/seleniumhq/selenium/selenium-java/4.36.0/selenium-java-4.36.0.jar
2025-10-10 15:19:48,965 [BasicRepositoryConnector-repo.maven.apache.org-0-3] INFO  o.e.m.c.i.e.AbstractTransferListenerAdapter - Downloading https://repo.maven.apache.org/maven2/org/seleniumhq/selenium/selenium-json/4.36.0/selenium-json-4.36.0.jar
2025-10-10 15:19:48,973 [BasicRepositoryConnector-repo.maven.apache.org-0-3] INFO  o.e.m.c.i.e.AbstractTransferListenerAdapter - Downloaded https://repo.maven.apache.org/maven2/org/seleniumhq/selenium/selenium-json/4.36.0/selenium-json-4.36.0.jar
2025-10-10 15:19:49,018 [BasicRepositoryConnector-repo.maven.apache.org-0-2] INFO  o.e.m.c.i.e.AbstractTransferListenerAdapter - Downloading https://repo.maven.apache.org/maven2/org/seleniumhq/selenium/selenium-chromium-driver/4.36.0/selenium-chromium-driver-4.36.0.jar
2025-10-10 15:19:49,020 [BasicRepositoryConnector-repo.maven.apache.org-0-3] INFO  o.e.m.c.i.e.AbstractTransferListenerAdapter - Downloading https://repo.maven.apache.org/maven2/org/seleniumhq/selenium/selenium-devtools-v138/4.36.0/selenium-devtools-v138-4.36.0.jar
2025-10-10 15:19:49,033 [BasicRepositoryConnector-repo.maven.apache.org-0-1] INFO  o.e.m.c.i.e.AbstractTransferListenerAdapter - Downloading https://repo.maven.apache.org/maven2/org/seleniumhq/selenium/selenium-chrome-driver/4.36.0/selenium-chrome-driver-4.36.0.jar
2025-10-10 15:19:49,034 [BasicRepositoryConnector-repo.maven.apache.org-0-4] INFO  o.e.m.c.i.e.AbstractTransferListenerAdapter - Downloading https://repo.maven.apache.org/maven2/org/seleniumhq/selenium/selenium-manager/4.36.0/selenium-manager-4.36.0.jar
2025-10-10 15:19:49,038 [BasicRepositoryConnector-repo.maven.apache.org-0-1] INFO  o.e.m.c.i.e.AbstractTransferListenerAdapter - Downloaded https://repo.maven.apache.org/maven2/org/seleniumhq/selenium/selenium-chrome-driver/4.36.0/selenium-chrome-driver-4.36.0.jar
2025-10-10 15:19:49,053 [BasicRepositoryConnector-repo.maven.apache.org-0-0] INFO  o.e.m.c.i.e.AbstractTransferListenerAdapter - Downloading https://repo.maven.apache.org/maven2/org/seleniumhq/selenium/selenium-api/4.36.0/selenium-api-4.36.0.jar
2025-10-10 15:19:49,064 [BasicRepositoryConnector-repo.maven.apache.org-0-2] INFO  o.e.m.c.i.e.AbstractTransferListenerAdapter - Downloaded https://repo.maven.apache.org/maven2/org/seleniumhq/selenium/selenium-chromium-driver/4.36.0/selenium-chromium-driver-4.36.0.jar
2025-10-10 15:19:49,095 [BasicRepositoryConnector-repo.maven.apache.org-0-1] INFO  o.e.m.c.i.e.AbstractTransferListenerAdapter - Downloading https://repo.maven.apache.org/maven2/org/seleniumhq/selenium/selenium-devtools-v139/4.36.0/selenium-devtools-v139-4.36.0.jar
2025-10-10 15:19:49,133 [BasicRepositoryConnector-repo.maven.apache.org-0-0] INFO  o.e.m.c.i.e.AbstractTransferListenerAdapter - Downloaded https://repo.maven.apache.org/maven2/org/seleniumhq/selenium/selenium-api/4.36.0/selenium-api-4.36.0.jar
2025-10-10 15:19:49,134 [BasicRepositoryConnector-repo.maven.apache.org-0-2] INFO  o.e.m.c.i.e.AbstractTransferListenerAdapter - Downloading https://repo.maven.apache.org/maven2/org/seleniumhq/selenium/selenium-devtools-v140/4.36.0/selenium-devtools-v140-4.36.0.jar
2025-10-10 15:19:49,192 [BasicRepositoryConnector-repo.maven.apache.org-0-0] INFO  o.e.m.c.i.e.AbstractTransferListenerAdapter - Downloading https://repo.maven.apache.org/maven2/org/seleniumhq/selenium/selenium-edge-driver/4.36.0/selenium-edge-driver-4.36.0.jar
2025-10-10 15:19:49,197 [BasicRepositoryConnector-repo.maven.apache.org-0-0] INFO  o.e.m.c.i.e.AbstractTransferListenerAdapter - Downloaded https://repo.maven.apache.org/maven2/org/seleniumhq/selenium/selenium-edge-driver/4.36.0/selenium-edge-driver-4.36.0.jar
2025-10-10 15:19:49,251 [BasicRepositoryConnector-repo.maven.apache.org-0-0] INFO  o.e.m.c.i.e.AbstractTransferListenerAdapter - Downloading https://repo.maven.apache.org/maven2/org/seleniumhq/selenium/selenium-firefox-driver/4.36.0/selenium-firefox-driver-4.36.0.jar
2025-10-10 15:19:49,261 [BasicRepositoryConnector-repo.maven.apache.org-0-0] INFO  o.e.m.c.i.e.AbstractTransferListenerAdapter - Downloaded https://repo.maven.apache.org/maven2/org/seleniumhq/selenium/selenium-firefox-driver/4.36.0/selenium-firefox-driver-4.36.0.jar
2025-10-10 15:19:49,289 [BasicRepositoryConnector-repo.maven.apache.org-0-3] INFO  o.e.m.c.i.e.AbstractTransferListenerAdapter - Downloaded https://repo.maven.apache.org/maven2/org/seleniumhq/selenium/selenium-devtools-v138/4.36.0/selenium-devtools-v138-4.36.0.jar
2025-10-10 15:19:49,305 [BasicRepositoryConnector-repo.maven.apache.org-0-0] INFO  o.e.m.c.i.e.AbstractTransferListenerAdapter - Downloading https://repo.maven.apache.org/maven2/org/seleniumhq/selenium/selenium-http/4.36.0/selenium-http-4.36.0.jar
2025-10-10 15:19:49,316 [BasicRepositoryConnector-repo.maven.apache.org-0-0] INFO  o.e.m.c.i.e.AbstractTransferListenerAdapter - Downloaded https://repo.maven.apache.org/maven2/org/seleniumhq/selenium/selenium-http/4.36.0/selenium-http-4.36.0.jar
2025-10-10 15:19:49,361 [BasicRepositoryConnector-repo.maven.apache.org-0-3] INFO  o.e.m.c.i.e.AbstractTransferListenerAdapter - Downloading https://repo.maven.apache.org/maven2/org/seleniumhq/selenium/selenium-ie-driver/4.36.0/selenium-ie-driver-4.36.0.jar
2025-10-10 15:19:49,365 [BasicRepositoryConnector-repo.maven.apache.org-0-3] INFO  o.e.m.c.i.e.AbstractTransferListenerAdapter - Downloaded https://repo.maven.apache.org/maven2/org/seleniumhq/selenium/selenium-ie-driver/4.36.0/selenium-ie-driver-4.36.0.jar
2025-10-10 15:19:49,380 [BasicRepositoryConnector-repo.maven.apache.org-0-0] INFO  o.e.m.c.i.e.AbstractTransferListenerAdapter - Downloading https://repo.maven.apache.org/maven2/org/seleniumhq/selenium/selenium-remote-driver/4.36.0/selenium-remote-driver-4.36.0.jar
2025-10-10 15:19:49,430 [BasicRepositoryConnector-repo.maven.apache.org-0-3] INFO  o.e.m.c.i.e.AbstractTransferListenerAdapter - Downloading https://repo.maven.apache.org/maven2/com/google/guava/guava/33.5.0-jre/guava-33.5.0-jre.jar
2025-10-10 15:19:49,548 [BasicRepositoryConnector-repo.maven.apache.org-0-2] INFO  o.e.m.c.i.e.AbstractTransferListenerAdapter - Downloaded https://repo.maven.apache.org/maven2/org/seleniumhq/selenium/selenium-devtools-v140/4.36.0/selenium-devtools-v140-4.36.0.jar
2025-10-10 15:19:49,600 [BasicRepositoryConnector-repo.maven.apache.org-0-2] INFO  o.e.m.c.i.e.AbstractTransferListenerAdapter - Downloading https://repo.maven.apache.org/maven2/com/google/errorprone/error_prone_annotations/2.41.0/error_prone_annotations-2.41.0.jar
2025-10-10 15:19:49,604 [BasicRepositoryConnector-repo.maven.apache.org-0-2] INFO  o.e.m.c.i.e.AbstractTransferListenerAdapter - Downloaded https://repo.maven.apache.org/maven2/com/google/errorprone/error_prone_annotations/2.41.0/error_prone_annotations-2.41.0.jar
2025-10-10 15:19:49,652 [BasicRepositoryConnector-repo.maven.apache.org-0-2] INFO  o.e.m.c.i.e.AbstractTransferListenerAdapter - Downloading https://repo.maven.apache.org/maven2/com/google/j2objc/j2objc-annotations/3.1/j2objc-annotations-3.1.jar
2025-10-10 15:19:49,657 [BasicRepositoryConnector-repo.maven.apache.org-0-2] INFO  o.e.m.c.i.e.AbstractTransferListenerAdapter - Downloaded https://repo.maven.apache.org/maven2/com/google/j2objc/j2objc-annotations/3.1/j2objc-annotations-3.1.jar
2025-10-10 15:19:49,753 [BasicRepositoryConnector-repo.maven.apache.org-0-2] INFO  o.e.m.c.i.e.AbstractTransferListenerAdapter - Downloading https://repo.maven.apache.org/maven2/io/opentelemetry/opentelemetry-api/1.54.0/opentelemetry-api-1.54.0.jar
2025-10-10 15:19:49,781 [BasicRepositoryConnector-repo.maven.apache.org-0-2] INFO  o.e.m.c.i.e.AbstractTransferListenerAdapter - Downloaded https://repo.maven.apache.org/maven2/io/opentelemetry/opentelemetry-api/1.54.0/opentelemetry-api-1.54.0.jar
2025-10-10 15:19:49,846 [BasicRepositoryConnector-repo.maven.apache.org-0-2] INFO  o.e.m.c.i.e.AbstractTransferListenerAdapter - Downloading https://repo.maven.apache.org/maven2/io/opentelemetry/opentelemetry-context/1.54.0/opentelemetry-context-1.54.0.jar
2025-10-10 15:19:49,854 [BasicRepositoryConnector-repo.maven.apache.org-0-2] INFO  o.e.m.c.i.e.AbstractTransferListenerAdapter - Downloaded https://repo.maven.apache.org/maven2/io/opentelemetry/opentelemetry-context/1.54.0/opentelemetry-context-1.54.0.jar
2025-10-10 15:19:49,901 [BasicRepositoryConnector-repo.maven.apache.org-0-2] INFO  o.e.m.c.i.e.AbstractTransferListenerAdapter - Downloading https://repo.maven.apache.org/maven2/io/opentelemetry/opentelemetry-common/1.54.0/opentelemetry-common-1.54.0.jar
2025-10-10 15:19:49,905 [BasicRepositoryConnector-repo.maven.apache.org-0-2] INFO  o.e.m.c.i.e.AbstractTransferListenerAdapter - Downloaded https://repo.maven.apache.org/maven2/io/opentelemetry/opentelemetry-common/1.54.0/opentelemetry-common-1.54.0.jar
2025-10-10 15:19:49,915 [BasicRepositoryConnector-repo.maven.apache.org-0-3] INFO  o.e.m.c.i.e.AbstractTransferListenerAdapter - Downloaded https://repo.maven.apache.org/maven2/com/google/guava/guava/33.5.0-jre/guava-33.5.0-jre.jar
2025-10-10 15:19:49,952 [BasicRepositoryConnector-repo.maven.apache.org-0-0] INFO  o.e.m.c.i.e.AbstractTransferListenerAdapter - Downloaded https://repo.maven.apache.org/maven2/org/seleniumhq/selenium/selenium-remote-driver/4.36.0/selenium-remote-driver-4.36.0.jar
2025-10-10 15:19:49,958 [BasicRepositoryConnector-repo.maven.apache.org-0-2] INFO  o.e.m.c.i.e.AbstractTransferListenerAdapter - Downloading https://repo.maven.apache.org/maven2/io/opentelemetry/opentelemetry-exporter-logging/1.54.0/opentelemetry-exporter-logging-1.54.0.jar
2025-10-10 15:19:49,961 [BasicRepositoryConnector-repo.maven.apache.org-0-2] INFO  o.e.m.c.i.e.AbstractTransferListenerAdapter - Downloaded https://repo.maven.apache.org/maven2/io/opentelemetry/opentelemetry-exporter-logging/1.54.0/opentelemetry-exporter-logging-1.54.0.jar
2025-10-10 15:19:49,966 [BasicRepositoryConnector-repo.maven.apache.org-0-3] INFO  o.e.m.c.i.e.AbstractTransferListenerAdapter - Downloading https://repo.maven.apache.org/maven2/io/opentelemetry/opentelemetry-sdk-common/1.54.0/opentelemetry-sdk-common-1.54.0.jar
2025-10-10 15:19:49,980 [BasicRepositoryConnector-repo.maven.apache.org-0-3] INFO  o.e.m.c.i.e.AbstractTransferListenerAdapter - Downloaded https://repo.maven.apache.org/maven2/io/opentelemetry/opentelemetry-sdk-common/1.54.0/opentelemetry-sdk-common-1.54.0.jar
2025-10-10 15:19:50,013 [BasicRepositoryConnector-repo.maven.apache.org-0-0] INFO  o.e.m.c.i.e.AbstractTransferListenerAdapter - Downloading https://repo.maven.apache.org/maven2/io/opentelemetry/opentelemetry-sdk-extension-autoconfigure-spi/1.54.0/opentelemetry-sdk-extension-autoconfigure-spi-1.54.0.jar
2025-10-10 15:19:50,019 [BasicRepositoryConnector-repo.maven.apache.org-0-0] INFO  o.e.m.c.i.e.AbstractTransferListenerAdapter - Downloaded https://repo.maven.apache.org/maven2/io/opentelemetry/opentelemetry-sdk-extension-autoconfigure-spi/1.54.0/opentelemetry-sdk-extension-autoconfigure-spi-1.54.0.jar
2025-10-10 15:19:50,021 [BasicRepositoryConnector-repo.maven.apache.org-0-2] INFO  o.e.m.c.i.e.AbstractTransferListenerAdapter - Downloading https://repo.maven.apache.org/maven2/io/opentelemetry/opentelemetry-sdk-extension-autoconfigure/1.54.0/opentelemetry-sdk-extension-autoconfigure-1.54.0.jar
2025-10-10 15:19:50,031 [BasicRepositoryConnector-repo.maven.apache.org-0-2] INFO  o.e.m.c.i.e.AbstractTransferListenerAdapter - Downloaded https://repo.maven.apache.org/maven2/io/opentelemetry/opentelemetry-sdk-extension-autoconfigure/1.54.0/opentelemetry-sdk-extension-autoconfigure-1.54.0.jar
2025-10-10 15:19:50,075 [BasicRepositoryConnector-repo.maven.apache.org-0-3] INFO  o.e.m.c.i.e.AbstractTransferListenerAdapter - Downloading https://repo.maven.apache.org/maven2/io/opentelemetry/opentelemetry-sdk-trace/1.54.0/opentelemetry-sdk-trace-1.54.0.jar
2025-10-10 15:19:50,102 [BasicRepositoryConnector-repo.maven.apache.org-0-2] INFO  o.e.m.c.i.e.AbstractTransferListenerAdapter - Downloading https://repo.maven.apache.org/maven2/io/opentelemetry/opentelemetry-sdk-metrics/1.54.0/opentelemetry-sdk-metrics-1.54.0.jar
2025-10-10 15:19:50,105 [BasicRepositoryConnector-repo.maven.apache.org-0-0] INFO  o.e.m.c.i.e.AbstractTransferListenerAdapter - Downloading https://repo.maven.apache.org/maven2/io/opentelemetry/opentelemetry-sdk/1.54.0/opentelemetry-sdk-1.54.0.jar
2025-10-10 15:19:50,110 [BasicRepositoryConnector-repo.maven.apache.org-0-0] INFO  o.e.m.c.i.e.AbstractTransferListenerAdapter - Downloaded https://repo.maven.apache.org/maven2/io/opentelemetry/opentelemetry-sdk/1.54.0/opentelemetry-sdk-1.54.0.jar
2025-10-10 15:19:50,182 [BasicRepositoryConnector-repo.maven.apache.org-0-0] INFO  o.e.m.c.i.e.AbstractTransferListenerAdapter - Downloading https://repo.maven.apache.org/maven2/io/opentelemetry/opentelemetry-sdk-logs/1.54.0/opentelemetry-sdk-logs-1.54.0.jar
2025-10-10 15:19:50,188 [BasicRepositoryConnector-repo.maven.apache.org-0-1] INFO  o.e.m.c.i.e.AbstractTransferListenerAdapter - Downloaded https://repo.maven.apache.org/maven2/org/seleniumhq/selenium/selenium-devtools-v139/4.36.0/selenium-devtools-v139-4.36.0.jar
2025-10-10 15:19:50,196 [BasicRepositoryConnector-repo.maven.apache.org-0-2] INFO  o.e.m.c.i.e.AbstractTransferListenerAdapter - Downloaded https://repo.maven.apache.org/maven2/io/opentelemetry/opentelemetry-sdk-metrics/1.54.0/opentelemetry-sdk-metrics-1.54.0.jar
2025-10-10 15:19:50,198 [BasicRepositoryConnector-repo.maven.apache.org-0-0] INFO  o.e.m.c.i.e.AbstractTransferListenerAdapter - Downloaded https://repo.maven.apache.org/maven2/io/opentelemetry/opentelemetry-sdk-logs/1.54.0/opentelemetry-sdk-logs-1.54.0.jar
2025-10-10 15:19:50,224 [BasicRepositoryConnector-repo.maven.apache.org-0-1] INFO  o.e.m.c.i.e.AbstractTransferListenerAdapter - Downloading https://repo.maven.apache.org/maven2/org/seleniumhq/selenium/selenium-os/4.36.0/selenium-os-4.36.0.jar
2025-10-10 15:19:50,228 [BasicRepositoryConnector-repo.maven.apache.org-0-1] INFO  o.e.m.c.i.e.AbstractTransferListenerAdapter - Downloaded https://repo.maven.apache.org/maven2/org/seleniumhq/selenium/selenium-os/4.36.0/selenium-os-4.36.0.jar
2025-10-10 15:19:50,246 [BasicRepositoryConnector-repo.maven.apache.org-0-0] INFO  o.e.m.c.i.e.AbstractTransferListenerAdapter - Downloading https://repo.maven.apache.org/maven2/org/seleniumhq/selenium/selenium-support/4.36.0/selenium-support-4.36.0.jar
2025-10-10 15:19:50,249 [BasicRepositoryConnector-repo.maven.apache.org-0-2] INFO  o.e.m.c.i.e.AbstractTransferListenerAdapter - Downloading https://repo.maven.apache.org/maven2/org/seleniumhq/selenium/selenium-safari-driver/4.36.0/selenium-safari-driver-4.36.0.jar
2025-10-10 15:19:50,255 [BasicRepositoryConnector-repo.maven.apache.org-0-2] INFO  o.e.m.c.i.e.AbstractTransferListenerAdapter - Downloaded https://repo.maven.apache.org/maven2/org/seleniumhq/selenium/selenium-safari-driver/4.36.0/selenium-safari-driver-4.36.0.jar
2025-10-10 15:19:50,272 [BasicRepositoryConnector-repo.maven.apache.org-0-0] INFO  o.e.m.c.i.e.AbstractTransferListenerAdapter - Downloaded https://repo.maven.apache.org/maven2/org/seleniumhq/selenium/selenium-support/4.36.0/selenium-support-4.36.0.jar
2025-10-10 15:19:50,575 [BasicRepositoryConnector-repo.maven.apache.org-0-3] INFO  o.e.m.c.i.e.AbstractTransferListenerAdapter - Downloaded https://repo.maven.apache.org/maven2/io/opentelemetry/opentelemetry-sdk-trace/1.54.0/opentelemetry-sdk-trace-1.54.0.jar
2025-10-10 15:19:50,698 [BasicRepositoryConnector-repo.maven.apache.org-0-4] INFO  o.e.m.c.i.e.AbstractTransferListenerAdapter - Downloaded https://repo.maven.apache.org/maven2/org/seleniumhq/selenium/selenium-manager/4.36.0/selenium-manager-4.36.0.jar
2025-10-10 15:19:50,951 [Worker-28: Building] INFO  o.a.m.s.f.DefaultMavenResourcesFiltering - skip non existing resourceDirectory C:\Users\Admin\Automation MWF 2-00 to 4-00\Selenium_MVN\src\main\resources
2025-10-10 15:19:50,954 [Worker-28: Building] INFO  o.a.m.s.f.DefaultMavenResourcesFiltering - skip non existing resourceDirectory C:\Users\Admin\Automation MWF 2-00 to 4-00\Selenium_MVN\src\test\resources
2025-10-10 15:19:51,898 [Worker-33: Download sources and javadoc] INFO  o.e.m.c.i.e.AbstractTransferListenerAdapter - Downloading https://repo.maven.apache.org/maven2/org/seleniumhq/selenium/selenium-java/4.36.0/selenium-java-4.36.0-sources.jar
2025-10-10 15:19:51,903 [Worker-33: Download sources and javadoc] INFO  o.e.m.c.i.e.AbstractTransferListenerAdapter - Downloaded https://repo.maven.apache.org/maven2/org/seleniumhq/selenium/selenium-java/4.36.0/selenium-java-4.36.0-sources.jar
2025-10-10 15:19:51,907 [Worker-33: Download sources and javadoc] INFO  o.e.m.j.internal.DownloadSourcesJob - Downloaded sources for org.seleniumhq.selenium:selenium-java:4.36.0
2025-10-10 15:19:52,033 [Worker-33: Download sources and javadoc] INFO  o.e.m.c.i.e.AbstractTransferListenerAdapter - Downloading https://repo.maven.apache.org/maven2/org/seleniumhq/selenium/selenium-api/4.36.0/selenium-api-4.36.0-sources.jar
2025-10-10 15:19:52,080 [Worker-33: Download sources and javadoc] INFO  o.e.m.c.i.e.AbstractTransferListenerAdapter - Downloaded https://repo.maven.apache.org/maven2/org/seleniumhq/selenium/selenium-api/4.36.0/selenium-api-4.36.0-sources.jar
2025-10-10 15:19:52,084 [Worker-33: Download sources and javadoc] INFO  o.e.m.j.internal.DownloadSourcesJob - Downloaded sources for org.seleniumhq.selenium:selenium-api:4.36.0
2025-10-10 15:19:52,174 [Worker-33: Download sources and javadoc] INFO  o.e.m.c.i.e.AbstractTransferListenerAdapter - Downloading https://repo.maven.apache.org/maven2/org/seleniumhq/selenium/selenium-chrome-driver/4.36.0/selenium-chrome-driver-4.36.0-sources.jar
2025-10-10 15:19:52,180 [Worker-33: Download sources and javadoc] INFO  o.e.m.c.i.e.AbstractTransferListenerAdapter - Downloaded https://repo.maven.apache.org/maven2/org/seleniumhq/selenium/selenium-chrome-driver/4.36.0/selenium-chrome-driver-4.36.0-sources.jar
2025-10-10 15:19:52,185 [Worker-33: Download sources and javadoc] INFO  o.e.m.j.internal.DownloadSourcesJob - Downloaded sources for org.seleniumhq.selenium:selenium-chrome-driver:4.36.0
2025-10-10 15:19:52,293 [Worker-33: Download sources and javadoc] INFO  o.e.m.c.i.e.AbstractTransferListenerAdapter - Downloading https://repo.maven.apache.org/maven2/org/seleniumhq/selenium/selenium-chromium-driver/4.36.0/selenium-chromium-driver-4.36.0-sources.jar
2025-10-10 15:19:52,301 [Worker-33: Download sources and javadoc] INFO  o.e.m.c.i.e.AbstractTransferListenerAdapter - Downloaded https://repo.maven.apache.org/maven2/org/seleniumhq/selenium/selenium-chromium-driver/4.36.0/selenium-chromium-driver-4.36.0-sources.jar
2025-10-10 15:19:52,304 [Worker-33: Download sources and javadoc] INFO  o.e.m.j.internal.DownloadSourcesJob - Downloaded sources for org.seleniumhq.selenium:selenium-chromium-driver:4.36.0
2025-10-10 15:19:52,401 [Worker-33: Download sources and javadoc] INFO  o.e.m.c.i.e.AbstractTransferListenerAdapter - Downloading https://repo.maven.apache.org/maven2/org/seleniumhq/selenium/selenium-json/4.36.0/selenium-json-4.36.0-sources.jar
2025-10-10 15:19:52,421 [Worker-33: Download sources and javadoc] INFO  o.e.m.c.i.e.AbstractTransferListenerAdapter - Downloaded https://repo.maven.apache.org/maven2/org/seleniumhq/selenium/selenium-json/4.36.0/selenium-json-4.36.0-sources.jar
2025-10-10 15:19:52,425 [Worker-33: Download sources and javadoc] INFO  o.e.m.j.internal.DownloadSourcesJob - Downloaded sources for org.seleniumhq.selenium:selenium-json:4.36.0
2025-10-10 15:19:52,510 [Worker-32: Building] INFO  o.a.m.s.f.DefaultMavenResourcesFiltering - skip non existing resourceDirectory C:\Users\Admin\Automation MWF 2-00 to 4-00\Selenium_MVN\src\main\resources
2025-10-10 15:19:52,517 [Worker-32: Building] INFO  o.a.m.s.f.DefaultMavenResourcesFiltering - skip non existing resourceDirectory C:\Users\Admin\Automation MWF 2-00 to 4-00\Selenium_MVN\src\test\resources
2025-10-10 15:19:52,528 [Worker-33: Download sources and javadoc] INFO  o.e.m.c.i.e.AbstractTransferListenerAdapter - Downloading https://repo.maven.apache.org/maven2/org/seleniumhq/selenium/selenium-manager/4.36.0/selenium-manager-4.36.0-sources.jar
2025-10-10 15:19:52,548 [Worker-33: Download sources and javadoc] INFO  o.e.m.c.i.e.AbstractTransferListenerAdapter - Downloaded https://repo.maven.apache.org/maven2/org/seleniumhq/selenium/selenium-manager/4.36.0/selenium-manager-4.36.0-sources.jar
2025-10-10 15:19:52,553 [Worker-33: Download sources and javadoc] INFO  o.e.m.j.internal.DownloadSourcesJob - Downloaded sources for org.seleniumhq.selenium:selenium-manager:4.36.0
2025-10-10 15:19:52,667 [Worker-33: Download sources and javadoc] INFO  o.e.m.c.i.e.AbstractTransferListenerAdapter - Downloading https://repo.maven.apache.org/maven2/org/seleniumhq/selenium/selenium-devtools-v138/4.36.0/selenium-devtools-v138-4.36.0-sources.jar
2025-10-10 15:19:52,796 [Worker-33: Download sources and javadoc] INFO  o.e.m.c.i.e.AbstractTransferListenerAdapter - Downloaded https://repo.maven.apache.org/maven2/org/seleniumhq/selenium/selenium-devtools-v138/4.36.0/selenium-devtools-v138-4.36.0-sources.jar
2025-10-10 15:19:52,799 [Worker-33: Download sources and javadoc] INFO  o.e.m.j.internal.DownloadSourcesJob - Downloaded sources for org.seleniumhq.selenium:selenium-devtools-v138:4.36.0
2025-10-10 15:19:52,877 [Worker-33: Download sources and javadoc] INFO  o.e.m.c.i.e.AbstractTransferListenerAdapter - Downloading https://repo.maven.apache.org/maven2/org/seleniumhq/selenium/selenium-devtools-v139/4.36.0/selenium-devtools-v139-4.36.0-sources.jar
2025-10-10 15:19:52,968 [Worker-33: Download sources and javadoc] INFO  o.e.m.c.i.e.AbstractTransferListenerAdapter - Downloaded https://repo.maven.apache.org/maven2/org/seleniumhq/selenium/selenium-devtools-v139/4.36.0/selenium-devtools-v139-4.36.0-sources.jar
2025-10-10 15:19:52,972 [Worker-33: Download sources and javadoc] INFO  o.e.m.j.internal.DownloadSourcesJob - Downloaded sources for org.seleniumhq.selenium:selenium-devtools-v139:4.36.0
2025-10-10 15:19:53,078 [Worker-33: Download sources and javadoc] INFO  o.e.m.c.i.e.AbstractTransferListenerAdapter - Downloading https://repo.maven.apache.org/maven2/org/seleniumhq/selenium/selenium-devtools-v140/4.36.0/selenium-devtools-v140-4.36.0-sources.jar
2025-10-10 15:19:53,169 [Worker-33: Download sources and javadoc] INFO  o.e.m.c.i.e.AbstractTransferListenerAdapter - Downloaded https://repo.maven.apache.org/maven2/org/seleniumhq/selenium/selenium-devtools-v140/4.36.0/selenium-devtools-v140-4.36.0-sources.jar
2025-10-10 15:19:53,174 [Worker-33: Download sources and javadoc] INFO  o.e.m.j.internal.DownloadSourcesJob - Downloaded sources for org.seleniumhq.selenium:selenium-devtools-v140:4.36.0
2025-10-10 15:19:53,255 [Worker-33: Download sources and javadoc] INFO  o.e.m.c.i.e.AbstractTransferListenerAdapter - Downloading https://repo.maven.apache.org/maven2/org/seleniumhq/selenium/selenium-edge-driver/4.36.0/selenium-edge-driver-4.36.0-sources.jar
2025-10-10 15:19:53,263 [Worker-33: Download sources and javadoc] INFO  o.e.m.c.i.e.AbstractTransferListenerAdapter - Downloaded https://repo.maven.apache.org/maven2/org/seleniumhq/selenium/selenium-edge-driver/4.36.0/selenium-edge-driver-4.36.0-sources.jar
2025-10-10 15:19:53,267 [Worker-33: Download sources and javadoc] INFO  o.e.m.j.internal.DownloadSourcesJob - Downloaded sources for org.seleniumhq.selenium:selenium-edge-driver:4.36.0
2025-10-10 15:19:53,356 [Worker-33: Download sources and javadoc] INFO  o.e.m.c.i.e.AbstractTransferListenerAdapter - Downloading https://repo.maven.apache.org/maven2/org/seleniumhq/selenium/selenium-firefox-driver/4.36.0/selenium-firefox-driver-4.36.0-sources.jar
2025-10-10 15:19:53,387 [Worker-33: Download sources and javadoc] INFO  o.e.m.c.i.e.AbstractTransferListenerAdapter - Downloaded https://repo.maven.apache.org/maven2/org/seleniumhq/selenium/selenium-firefox-driver/4.36.0/selenium-firefox-driver-4.36.0-sources.jar
2025-10-10 15:19:53,391 [Worker-33: Download sources and javadoc] INFO  o.e.m.j.internal.DownloadSourcesJob - Downloaded sources for org.seleniumhq.selenium:selenium-firefox-driver:4.36.0
2025-10-10 15:19:53,491 [Worker-33: Download sources and javadoc] INFO  o.e.m.c.i.e.AbstractTransferListenerAdapter - Downloading https://repo.maven.apache.org/maven2/org/seleniumhq/selenium/selenium-http/4.36.0/selenium-http-4.36.0-sources.jar
2025-10-10 15:19:53,515 [Worker-33: Download sources and javadoc] INFO  o.e.m.c.i.e.AbstractTransferListenerAdapter - Downloaded https://repo.maven.apache.org/maven2/org/seleniumhq/selenium/selenium-http/4.36.0/selenium-http-4.36.0-sources.jar
2025-10-10 15:19:53,518 [Worker-33: Download sources and javadoc] INFO  o.e.m.j.internal.DownloadSourcesJob - Downloaded sources for org.seleniumhq.selenium:selenium-http:4.36.0
2025-10-10 15:19:53,607 [Worker-33: Download sources and javadoc] INFO  o.e.m.c.i.e.AbstractTransferListenerAdapter - Downloading https://repo.maven.apache.org/maven2/org/seleniumhq/selenium/selenium-ie-driver/4.36.0/selenium-ie-driver-4.36.0-sources.jar
2025-10-10 15:19:53,611 [Worker-33: Download sources and javadoc] INFO  o.e.m.c.i.e.AbstractTransferListenerAdapter - Downloaded https://repo.maven.apache.org/maven2/org/seleniumhq/selenium/selenium-ie-driver/4.36.0/selenium-ie-driver-4.36.0-sources.jar
2025-10-10 15:19:53,614 [Worker-33: Download sources and javadoc] INFO  o.e.m.j.internal.DownloadSourcesJob - Downloaded sources for org.seleniumhq.selenium:selenium-ie-driver:4.36.0
2025-10-10 15:19:53,713 [Worker-33: Download sources and javadoc] INFO  o.e.m.c.i.e.AbstractTransferListenerAdapter - Downloading https://repo.maven.apache.org/maven2/org/seleniumhq/selenium/selenium-remote-driver/4.36.0/selenium-remote-driver-4.36.0-sources.jar
2025-10-10 15:19:53,787 [Worker-33: Download sources and javadoc] INFO  o.e.m.c.i.e.AbstractTransferListenerAdapter - Downloaded https://repo.maven.apache.org/maven2/org/seleniumhq/selenium/selenium-remote-driver/4.36.0/selenium-remote-driver-4.36.0-sources.jar
2025-10-10 15:19:53,791 [Worker-33: Download sources and javadoc] INFO  o.e.m.j.internal.DownloadSourcesJob - Downloaded sources for org.seleniumhq.selenium:selenium-remote-driver:4.36.0
2025-10-10 15:19:53,882 [Worker-33: Download sources and javadoc] INFO  o.e.m.c.i.e.AbstractTransferListenerAdapter - Downloading https://repo.maven.apache.org/maven2/com/google/guava/guava/33.5.0-jre/guava-33.5.0-jre-sources.jar
2025-10-10 15:19:54,070 [Worker-33: Download sources and javadoc] INFO  o.e.m.c.i.e.AbstractTransferListenerAdapter - Downloaded https://repo.maven.apache.org/maven2/com/google/guava/guava/33.5.0-jre/guava-33.5.0-jre-sources.jar
2025-10-10 15:19:54,073 [Worker-33: Download sources and javadoc] INFO  o.e.m.j.internal.DownloadSourcesJob - Downloaded sources for com.google.guava:guava:33.5.0-jre
2025-10-10 15:19:54,159 [Worker-33: Download sources and javadoc] INFO  o.e.m.c.i.e.AbstractTransferListenerAdapter - Downloading https://repo.maven.apache.org/maven2/com/google/errorprone/error_prone_annotations/2.41.0/error_prone_annotations-2.41.0-sources.jar
2025-10-10 15:19:54,179 [Worker-33: Download sources and javadoc] INFO  o.e.m.c.i.e.AbstractTransferListenerAdapter - Downloaded https://repo.maven.apache.org/maven2/com/google/errorprone/error_prone_annotations/2.41.0/error_prone_annotations-2.41.0-sources.jar
2025-10-10 15:19:54,183 [Worker-33: Download sources and javadoc] INFO  o.e.m.j.internal.DownloadSourcesJob - Downloaded sources for com.google.errorprone:error_prone_annotations:2.41.0
2025-10-10 15:19:54,265 [Worker-33: Download sources and javadoc] INFO  o.e.m.c.i.e.AbstractTransferListenerAdapter - Downloading https://repo.maven.apache.org/maven2/com/google/j2objc/j2objc-annotations/3.1/j2objc-annotations-3.1-sources.jar
2025-10-10 15:19:54,269 [Worker-33: Download sources and javadoc] INFO  o.e.m.c.i.e.AbstractTransferListenerAdapter - Downloaded https://repo.maven.apache.org/maven2/com/google/j2objc/j2objc-annotations/3.1/j2objc-annotations-3.1-sources.jar
2025-10-10 15:19:54,271 [Worker-33: Download sources and javadoc] INFO  o.e.m.j.internal.DownloadSourcesJob - Downloaded sources for com.google.j2objc:j2objc-annotations:3.1
2025-10-10 15:19:54,353 [Worker-33: Download sources and javadoc] INFO  o.e.m.c.i.e.AbstractTransferListenerAdapter - Downloading https://repo.maven.apache.org/maven2/io/opentelemetry/opentelemetry-api/1.54.0/opentelemetry-api-1.54.0-sources.jar
2025-10-10 15:19:54,374 [Worker-33: Download sources and javadoc] INFO  o.e.m.c.i.e.AbstractTransferListenerAdapter - Downloaded https://repo.maven.apache.org/maven2/io/opentelemetry/opentelemetry-api/1.54.0/opentelemetry-api-1.54.0-sources.jar
2025-10-10 15:19:54,376 [Worker-33: Download sources and javadoc] INFO  o.e.m.j.internal.DownloadSourcesJob - Downloaded sources for io.opentelemetry:opentelemetry-api:1.54.0
2025-10-10 15:19:54,460 [Worker-33: Download sources and javadoc] INFO  o.e.m.c.i.e.AbstractTransferListenerAdapter - Downloading https://repo.maven.apache.org/maven2/io/opentelemetry/opentelemetry-context/1.54.0/opentelemetry-context-1.54.0-sources.jar
2025-10-10 15:19:54,483 [Worker-33: Download sources and javadoc] INFO  o.e.m.c.i.e.AbstractTransferListenerAdapter - Downloaded https://repo.maven.apache.org/maven2/io/opentelemetry/opentelemetry-context/1.54.0/opentelemetry-context-1.54.0-sources.jar
2025-10-10 15:19:54,485 [Worker-33: Download sources and javadoc] INFO  o.e.m.j.internal.DownloadSourcesJob - Downloaded sources for io.opentelemetry:opentelemetry-context:1.54.0
2025-10-10 15:19:54,560 [Worker-33: Download sources and javadoc] INFO  o.e.m.c.i.e.AbstractTransferListenerAdapter - Downloading https://repo.maven.apache.org/maven2/io/opentelemetry/opentelemetry-common/1.54.0/opentelemetry-common-1.54.0-sources.jar
2025-10-10 15:19:54,564 [Worker-33: Download sources and javadoc] INFO  o.e.m.c.i.e.AbstractTransferListenerAdapter - Downloaded https://repo.maven.apache.org/maven2/io/opentelemetry/opentelemetry-common/1.54.0/opentelemetry-common-1.54.0-sources.jar
2025-10-10 15:19:54,566 [Worker-33: Download sources and javadoc] INFO  o.e.m.j.internal.DownloadSourcesJob - Downloaded sources for io.opentelemetry:opentelemetry-common:1.54.0
2025-10-10 15:19:54,648 [Worker-33: Download sources and javadoc] INFO  o.e.m.c.i.e.AbstractTransferListenerAdapter - Downloading https://repo.maven.apache.org/maven2/io/opentelemetry/opentelemetry-exporter-logging/1.54.0/opentelemetry-exporter-logging-1.54.0-sources.jar
2025-10-10 15:19:54,651 [Worker-33: Download sources and javadoc] INFO  o.e.m.c.i.e.AbstractTransferListenerAdapter - Downloaded https://repo.maven.apache.org/maven2/io/opentelemetry/opentelemetry-exporter-logging/1.54.0/opentelemetry-exporter-logging-1.54.0-sources.jar
2025-10-10 15:19:54,654 [Worker-33: Download sources and javadoc] INFO  o.e.m.j.internal.DownloadSourcesJob - Downloaded sources for io.opentelemetry:opentelemetry-exporter-logging:1.54.0
2025-10-10 15:19:54,723 [Worker-33: Download sources and javadoc] INFO  o.e.m.c.i.e.AbstractTransferListenerAdapter - Downloading https://repo.maven.apache.org/maven2/io/opentelemetry/opentelemetry-sdk-common/1.54.0/opentelemetry-sdk-common-1.54.0-sources.jar
2025-10-10 15:19:54,743 [Worker-33: Download sources and javadoc] INFO  o.e.m.c.i.e.AbstractTransferListenerAdapter - Downloaded https://repo.maven.apache.org/maven2/io/opentelemetry/opentelemetry-sdk-common/1.54.0/opentelemetry-sdk-common-1.54.0-sources.jar
2025-10-10 15:19:54,746 [Worker-33: Download sources and javadoc] INFO  o.e.m.j.internal.DownloadSourcesJob - Downloaded sources for io.opentelemetry:opentelemetry-sdk-common:1.54.0
2025-10-10 15:19:54,837 [Worker-33: Download sources and javadoc] INFO  o.e.m.c.i.e.AbstractTransferListenerAdapter - Downloading https://repo.maven.apache.org/maven2/io/opentelemetry/opentelemetry-sdk-extension-autoconfigure-spi/1.54.0/opentelemetry-sdk-extension-autoconfigure-spi-1.54.0-sources.jar
2025-10-10 15:19:54,841 [Worker-33: Download sources and javadoc] INFO  o.e.m.c.i.e.AbstractTransferListenerAdapter - Downloaded https://repo.maven.apache.org/maven2/io/opentelemetry/opentelemetry-sdk-extension-autoconfigure-spi/1.54.0/opentelemetry-sdk-extension-autoconfigure-spi-1.54.0-sources.jar
2025-10-10 15:19:54,844 [Worker-33: Download sources and javadoc] INFO  o.e.m.j.internal.DownloadSourcesJob - Downloaded sources for io.opentelemetry:opentelemetry-sdk-extension-autoconfigure-spi:1.54.0
2025-10-10 15:19:54,932 [Worker-33: Download sources and javadoc] INFO  o.e.m.c.i.e.AbstractTransferListenerAdapter - Downloading https://repo.maven.apache.org/maven2/io/opentelemetry/opentelemetry-sdk-extension-autoconfigure/1.54.0/opentelemetry-sdk-extension-autoconfigure-1.54.0-sources.jar
2025-10-10 15:19:54,939 [Worker-33: Download sources and javadoc] INFO  o.e.m.c.i.e.AbstractTransferListenerAdapter - Downloaded https://repo.maven.apache.org/maven2/io/opentelemetry/opentelemetry-sdk-extension-autoconfigure/1.54.0/opentelemetry-sdk-extension-autoconfigure-1.54.0-sources.jar
2025-10-10 15:19:54,942 [Worker-33: Download sources and javadoc] INFO  o.e.m.j.internal.DownloadSourcesJob - Downloaded sources for io.opentelemetry:opentelemetry-sdk-extension-autoconfigure:1.54.0
2025-10-10 15:19:55,012 [Worker-33: Download sources and javadoc] INFO  o.e.m.c.i.e.AbstractTransferListenerAdapter - Downloading https://repo.maven.apache.org/maven2/io/opentelemetry/opentelemetry-sdk-trace/1.54.0/opentelemetry-sdk-trace-1.54.0-sources.jar
2025-10-10 15:19:55,033 [Worker-33: Download sources and javadoc] INFO  o.e.m.c.i.e.AbstractTransferListenerAdapter - Downloaded https://repo.maven.apache.org/maven2/io/opentelemetry/opentelemetry-sdk-trace/1.54.0/opentelemetry-sdk-trace-1.54.0-sources.jar
2025-10-10 15:19:55,035 [Worker-33: Download sources and javadoc] INFO  o.e.m.j.internal.DownloadSourcesJob - Downloaded sources for io.opentelemetry:opentelemetry-sdk-trace:1.54.0
2025-10-10 15:19:55,110 [Worker-33: Download sources and javadoc] INFO  o.e.m.c.i.e.AbstractTransferListenerAdapter - Downloading https://repo.maven.apache.org/maven2/io/opentelemetry/opentelemetry-sdk/1.54.0/opentelemetry-sdk-1.54.0-sources.jar
2025-10-10 15:19:55,113 [Worker-33: Download sources and javadoc] INFO  o.e.m.c.i.e.AbstractTransferListenerAdapter - Downloaded https://repo.maven.apache.org/maven2/io/opentelemetry/opentelemetry-sdk/1.54.0/opentelemetry-sdk-1.54.0-sources.jar
2025-10-10 15:19:55,115 [Worker-33: Download sources and javadoc] INFO  o.e.m.j.internal.DownloadSourcesJob - Downloaded sources for io.opentelemetry:opentelemetry-sdk:1.54.0
2025-10-10 15:19:55,210 [Worker-33: Download sources and javadoc] INFO  o.e.m.c.i.e.AbstractTransferListenerAdapter - Downloading https://repo.maven.apache.org/maven2/io/opentelemetry/opentelemetry-sdk-metrics/1.54.0/opentelemetry-sdk-metrics-1.54.0-sources.jar
2025-10-10 15:19:55,253 [Worker-33: Download sources and javadoc] INFO  o.e.m.c.i.e.AbstractTransferListenerAdapter - Downloaded https://repo.maven.apache.org/maven2/io/opentelemetry/opentelemetry-sdk-metrics/1.54.0/opentelemetry-sdk-metrics-1.54.0-sources.jar
2025-10-10 15:19:55,256 [Worker-33: Download sources and javadoc] INFO  o.e.m.j.internal.DownloadSourcesJob - Downloaded sources for io.opentelemetry:opentelemetry-sdk-metrics:1.54.0
2025-10-10 15:19:55,339 [Worker-33: Download sources and javadoc] INFO  o.e.m.c.i.e.AbstractTransferListenerAdapter - Downloading https://repo.maven.apache.org/maven2/io/opentelemetry/opentelemetry-sdk-logs/1.54.0/opentelemetry-sdk-logs-1.54.0-sources.jar
2025-10-10 15:19:55,359 [Worker-33: Download sources and javadoc] INFO  o.e.m.c.i.e.AbstractTransferListenerAdapter - Downloaded https://repo.maven.apache.org/maven2/io/opentelemetry/opentelemetry-sdk-logs/1.54.0/opentelemetry-sdk-logs-1.54.0-sources.jar
2025-10-10 15:19:55,361 [Worker-33: Download sources and javadoc] INFO  o.e.m.j.internal.DownloadSourcesJob - Downloaded sources for io.opentelemetry:opentelemetry-sdk-logs:1.54.0
2025-10-10 15:19:55,441 [Worker-33: Download sources and javadoc] INFO  o.e.m.c.i.e.AbstractTransferListenerAdapter - Downloading https://repo.maven.apache.org/maven2/org/seleniumhq/selenium/selenium-os/4.36.0/selenium-os-4.36.0-sources.jar
2025-10-10 15:19:55,444 [Worker-33: Download sources and javadoc] INFO  o.e.m.c.i.e.AbstractTransferListenerAdapter - Downloaded https://repo.maven.apache.org/maven2/org/seleniumhq/selenium/selenium-os/4.36.0/selenium-os-4.36.0-sources.jar
2025-10-10 15:19:55,447 [Worker-33: Download sources and javadoc] INFO  o.e.m.j.internal.DownloadSourcesJob - Downloaded sources for org.seleniumhq.selenium:selenium-os:4.36.0
2025-10-10 15:19:55,521 [Worker-33: Download sources and javadoc] INFO  o.e.m.c.i.e.AbstractTransferListenerAdapter - Downloading https://repo.maven.apache.org/maven2/org/seleniumhq/selenium/selenium-safari-driver/4.36.0/selenium-safari-driver-4.36.0-sources.jar
2025-10-10 15:19:55,525 [Worker-33: Download sources and javadoc] INFO  o.e.m.c.i.e.AbstractTransferListenerAdapter - Downloaded https://repo.maven.apache.org/maven2/org/seleniumhq/selenium/selenium-safari-driver/4.36.0/selenium-safari-driver-4.36.0-sources.jar
2025-10-10 15:19:55,529 [Worker-33: Download sources and javadoc] INFO  o.e.m.j.internal.DownloadSourcesJob - Downloaded sources for org.seleniumhq.selenium:selenium-safari-driver:4.36.0
2025-10-10 15:19:55,633 [Worker-33: Download sources and javadoc] INFO  o.e.m.c.i.e.AbstractTransferListenerAdapter - Downloading https://repo.maven.apache.org/maven2/org/seleniumhq/selenium/selenium-support/4.36.0/selenium-support-4.36.0-sources.jar
2025-10-10 15:19:55,656 [Worker-33: Download sources and javadoc] INFO  o.e.m.c.i.e.AbstractTransferListenerAdapter - Downloaded https://repo.maven.apache.org/maven2/org/seleniumhq/selenium/selenium-support/4.36.0/selenium-support-4.36.0-sources.jar
2025-10-10 15:19:55,658 [Worker-33: Download sources and javadoc] INFO  o.e.m.j.internal.DownloadSourcesJob - Downloaded sources for org.seleniumhq.selenium:selenium-support:4.36.0
2025-10-10 15:21:57,126 [Worker-30: Updating Maven Project] INFO  o.e.m.c.i.p.ProjectConfigurationManager - Update started
2025-10-10 15:21:57,328 [Worker-30: Updating Maven Project] INFO  o.e.m.c.i.l.LifecycleMappingFactory - Using org.eclipse.m2e.jdt.JarLifecycleMapping lifecycle mapping for MavenProject: com.test:Selenium_MVN:0.0.1-SNAPSHOT @ C:\Users\Admin\Automation MWF 2-00 to 4-00\Selenium_MVN\pom.xml.
2025-10-10 15:21:57,655 [Worker-30: Updating Maven Project] INFO  o.e.m.j.i.AbstractJavaProjectConfigurator - Adding source folder /Selenium_MVN/src/main/java
2025-10-10 15:21:57,657 [Worker-30: Updating Maven Project] INFO  o.e.m.j.i.AbstractJavaProjectConfigurator - Adding resource folder /Selenium_MVN/src/main/resources
2025-10-10 15:21:57,657 [Worker-30: Updating Maven Project] INFO  o.e.m.j.i.AbstractJavaProjectConfigurator - Adding source folder /Selenium_MVN/src/test/java
2025-10-10 15:21:57,658 [Worker-30: Updating Maven Project] INFO  o.e.m.j.i.AbstractJavaProjectConfigurator - Adding resource folder /Selenium_MVN/src/test/resources
2025-10-10 15:21:57,813 [Worker-30: Updating Maven Project] INFO  o.e.m.c.i.p.ProjectConfigurationManager - Update completed for 1 poms: local refresh takes 0.00 sec, refresh facades takes 0.00 sec, update config takes 0.00 sec 
2025-10-10 15:21:58,002 [Worker-35: Building] INFO  o.a.m.s.f.DefaultMavenResourcesFiltering - skip non existing resourceDirectory C:\Users\Admin\Automation MWF 2-00 to 4-00\Selenium_MVN\src\main\resources
2025-10-10 15:21:58,006 [Worker-35: Building] INFO  o.a.m.s.f.DefaultMavenResourcesFiltering - skip non existing resourceDirectory C:\Users\Admin\Automation MWF 2-00 to 4-00\Selenium_MVN\src\test\resources
2025-10-13 14:20:24,974 [Worker-4: Loading available Gradle versions] INFO  o.e.b.c.i.u.g.PublishedGradleVersions - Gradle version information cache is out-of-date. Trying to update.
2025-10-13 14:20:59,339 [Worker-13: Building] INFO  o.e.m.c.i.l.LifecycleMappingFactory - Using org.eclipse.m2e.jdt.JarLifecycleMapping lifecycle mapping for MavenProject: com.test:Selenium_MVN:0.0.1-SNAPSHOT @ C:\Users\Admin\Automation MWF 2-00 to 4-00\Selenium_MVN\pom.xml.
2025-10-13 14:20:59,832 [Worker-13: Building] INFO  o.a.m.s.f.DefaultMavenResourcesFiltering - skip non existing resourceDirectory C:\Users\Admin\Automation MWF 2-00 to 4-00\Selenium_MVN\src\main\resources
2025-10-13 14:20:59,836 [Worker-13: Building] INFO  o.a.m.s.f.DefaultMavenResourcesFiltering - skip non existing resourceDirectory C:\Users\Admin\Automation MWF 2-00 to 4-00\Selenium_MVN\src\test\resources
2025-10-13 14:27:01,112 [Worker-1: Building] INFO  o.a.m.s.f.DefaultMavenResourcesFiltering - skip non existing resourceDirectory C:\Users\Admin\Automation MWF 2-00 to 4-00\Selenium_MVN\src\main\resources
2025-10-13 14:27:01,115 [Worker-1: Building] INFO  o.a.m.s.f.DefaultMavenResourcesFiltering - skip non existing resourceDirectory C:\Users\Admin\Automation MWF 2-00 to 4-00\Selenium_MVN\src\test\resources
2025-10-13 14:27:03,207 [Worker-24: Building] INFO  o.a.m.s.f.DefaultMavenResourcesFiltering - skip non existing resourceDirectory C:\Users\Admin\Automation MWF 2-00 to 4-00\Selenium_MVN\src\main\resources
2025-10-13 14:27:03,209 [Worker-24: Building] INFO  o.a.m.s.f.DefaultMavenResourcesFiltering - skip non existing resourceDirectory C:\Users\Admin\Automation MWF 2-00 to 4-00\Selenium_MVN\src\test\resources
2025-10-13 14:27:05,419 [Worker-21: Building] INFO  o.a.m.s.f.DefaultMavenResourcesFiltering - skip non existing resourceDirectory C:\Users\Admin\Automation MWF 2-00 to 4-00\Selenium_MVN\src\main\resources
2025-10-13 14:27:05,421 [Worker-21: Building] INFO  o.a.m.s.f.DefaultMavenResourcesFiltering - skip non existing resourceDirectory C:\Users\Admin\Automation MWF 2-00 to 4-00\Selenium_MVN\src\test\resources
2025-10-13 14:31:11,573 [Worker-25: Building] INFO  o.a.m.s.f.DefaultMavenResourcesFiltering - skip non existing resourceDirectory C:\Users\Admin\Automation MWF 2-00 to 4-00\Selenium_MVN\src\main\resources
2025-10-13 14:31:11,576 [Worker-25: Building] INFO  o.a.m.s.f.DefaultMavenResourcesFiltering - skip non existing resourceDirectory C:\Users\Admin\Automation MWF 2-00 to 4-00\Selenium_MVN\src\test\resources
2025-10-13 14:33:21,377 [Worker-28: Building] INFO  o.a.m.s.f.DefaultMavenResourcesFiltering - skip non existing resourceDirectory C:\Users\Admin\Automation MWF 2-00 to 4-00\Selenium_MVN\src\main\resources
2025-10-13 14:33:21,380 [Worker-28: Building] INFO  o.a.m.s.f.DefaultMavenResourcesFiltering - skip non existing resourceDirectory C:\Users\Admin\Automation MWF 2-00 to 4-00\Selenium_MVN\src\test\resources
2025-10-13 14:33:29,810 [Worker-27: Building] INFO  o.a.m.s.f.DefaultMavenResourcesFiltering - skip non existing resourceDirectory C:\Users\Admin\Automation MWF 2-00 to 4-00\Selenium_MVN\src\main\resources
2025-10-13 14:33:29,812 [Worker-27: Building] INFO  o.a.m.s.f.DefaultMavenResourcesFiltering - skip non existing resourceDirectory C:\Users\Admin\Automation MWF 2-00 to 4-00\Selenium_MVN\src\test\resources
2025-10-13 14:34:36,894 [Worker-25: Building] INFO  o.a.m.s.f.DefaultMavenResourcesFiltering - skip non existing resourceDirectory C:\Users\Admin\Automation MWF 2-00 to 4-00\Selenium_MVN\src\main\resources
2025-10-13 14:34:36,896 [Worker-25: Building] INFO  o.a.m.s.f.DefaultMavenResourcesFiltering - skip non existing resourceDirectory C:\Users\Admin\Automation MWF 2-00 to 4-00\Selenium_MVN\src\test\resources
2025-10-13 14:35:20,785 [Worker-27: Launching P001_OpenBrowser] INFO  o.a.m.s.f.DefaultMavenResourcesFiltering - skip non existing resourceDirectory C:\Users\Admin\Automation MWF 2-00 to 4-00\Selenium_MVN\src\main\resources
2025-10-13 14:35:20,788 [Worker-27: Launching P001_OpenBrowser] INFO  o.a.m.s.f.DefaultMavenResourcesFiltering - skip non existing resourceDirectory C:\Users\Admin\Automation MWF 2-00 to 4-00\Selenium_MVN\src\test\resources
2025-10-13 14:35:45,097 [Worker-28: Building] INFO  o.a.m.s.f.DefaultMavenResourcesFiltering - skip non existing resourceDirectory C:\Users\Admin\Automation MWF 2-00 to 4-00\Selenium_MVN\src\main\resources
2025-10-13 14:35:45,099 [Worker-28: Building] INFO  o.a.m.s.f.DefaultMavenResourcesFiltering - skip non existing resourceDirectory C:\Users\Admin\Automation MWF 2-00 to 4-00\Selenium_MVN\src\test\resources
2025-10-13 14:36:11,343 [Worker-21: Building] INFO  o.a.m.s.f.DefaultMavenResourcesFiltering - skip non existing resourceDirectory C:\Users\Admin\Automation MWF 2-00 to 4-00\Selenium_MVN\src\main\resources
2025-10-13 14:36:11,345 [Worker-21: Building] INFO  o.a.m.s.f.DefaultMavenResourcesFiltering - skip non existing resourceDirectory C:\Users\Admin\Automation MWF 2-00 to 4-00\Selenium_MVN\src\test\resources
2025-10-13 14:36:24,658 [Worker-25: Building] INFO  o.a.m.s.f.DefaultMavenResourcesFiltering - skip non existing resourceDirectory C:\Users\Admin\Automation MWF 2-00 to 4-00\Selenium_MVN\src\main\resources
2025-10-13 14:36:24,660 [Worker-25: Building] INFO  o.a.m.s.f.DefaultMavenResourcesFiltering - skip non existing resourceDirectory C:\Users\Admin\Automation MWF 2-00 to 4-00\Selenium_MVN\src\test\resources
2025-10-13 14:36:37,900 [Worker-21: Building] INFO  o.a.m.s.f.DefaultMavenResourcesFiltering - skip non existing resourceDirectory C:\Users\Admin\Automation MWF 2-00 to 4-00\Selenium_MVN\src\main\resources
2025-10-13 14:36:37,902 [Worker-21: Building] INFO  o.a.m.s.f.DefaultMavenResourcesFiltering - skip non existing resourceDirectory C:\Users\Admin\Automation MWF 2-00 to 4-00\Selenium_MVN\src\test\resources
2025-10-13 14:36:50,630 [Worker-27: Building] INFO  o.a.m.s.f.DefaultMavenResourcesFiltering - skip non existing resourceDirectory C:\Users\Admin\Automation MWF 2-00 to 4-00\Selenium_MVN\src\main\resources
2025-10-13 14:36:50,632 [Worker-27: Building] INFO  o.a.m.s.f.DefaultMavenResourcesFiltering - skip non existing resourceDirectory C:\Users\Admin\Automation MWF 2-00 to 4-00\Selenium_MVN\src\test\resources
2025-10-13 14:37:04,442 [Worker-31: Building] INFO  o.a.m.s.f.DefaultMavenResourcesFiltering - skip non existing resourceDirectory C:\Users\Admin\Automation MWF 2-00 to 4-00\Selenium_MVN\src\main\resources
2025-10-13 14:37:04,444 [Worker-31: Building] INFO  o.a.m.s.f.DefaultMavenResourcesFiltering - skip non existing resourceDirectory C:\Users\Admin\Automation MWF 2-00 to 4-00\Selenium_MVN\src\test\resources
2025-10-13 14:37:24,339 [Worker-28: Building] INFO  o.a.m.s.f.DefaultMavenResourcesFiltering - skip non existing resourceDirectory C:\Users\Admin\Automation MWF 2-00 to 4-00\Selenium_MVN\src\main\resources
2025-10-13 14:37:24,341 [Worker-28: Building] INFO  o.a.m.s.f.DefaultMavenResourcesFiltering - skip non existing resourceDirectory C:\Users\Admin\Automation MWF 2-00 to 4-00\Selenium_MVN\src\test\resources
2025-10-13 14:40:32,676 [Worker-29: Building] INFO  o.a.m.s.f.DefaultMavenResourcesFiltering - skip non existing resourceDirectory C:\Users\Admin\Automation MWF 2-00 to 4-00\Selenium_MVN\src\main\resources
2025-10-13 14:40:32,678 [Worker-29: Building] INFO  o.a.m.s.f.DefaultMavenResourcesFiltering - skip non existing resourceDirectory C:\Users\Admin\Automation MWF 2-00 to 4-00\Selenium_MVN\src\test\resources
2025-10-13 14:40:47,095 [Worker-32: Building] INFO  o.a.m.s.f.DefaultMavenResourcesFiltering - skip non existing resourceDirectory C:\Users\Admin\Automation MWF 2-00 to 4-00\Selenium_MVN\src\main\resources
2025-10-13 14:40:47,096 [Worker-32: Building] INFO  o.a.m.s.f.DefaultMavenResourcesFiltering - skip non existing resourceDirectory C:\Users\Admin\Automation MWF 2-00 to 4-00\Selenium_MVN\src\test\resources
2025-10-13 14:40:57,234 [Worker-34: Building] INFO  o.a.m.s.f.DefaultMavenResourcesFiltering - skip non existing resourceDirectory C:\Users\Admin\Automation MWF 2-00 to 4-00\Selenium_MVN\src\main\resources
2025-10-13 14:40:57,236 [Worker-34: Building] INFO  o.a.m.s.f.DefaultMavenResourcesFiltering - skip non existing resourceDirectory C:\Users\Admin\Automation MWF 2-00 to 4-00\Selenium_MVN\src\test\resources
2025-10-13 14:41:13,360 [Worker-32: Building] INFO  o.a.m.s.f.DefaultMavenResourcesFiltering - skip non existing resourceDirectory C:\Users\Admin\Automation MWF 2-00 to 4-00\Selenium_MVN\src\main\resources
2025-10-13 14:41:13,361 [Worker-32: Building] INFO  o.a.m.s.f.DefaultMavenResourcesFiltering - skip non existing resourceDirectory C:\Users\Admin\Automation MWF 2-00 to 4-00\Selenium_MVN\src\test\resources
2025-10-13 14:41:22,145 [Worker-35: Building] INFO  o.a.m.s.f.DefaultMavenResourcesFiltering - skip non existing resourceDirectory C:\Users\Admin\Automation MWF 2-00 to 4-00\Selenium_MVN\src\main\resources
2025-10-13 14:41:22,147 [Worker-35: Building] INFO  o.a.m.s.f.DefaultMavenResourcesFiltering - skip non existing resourceDirectory C:\Users\Admin\Automation MWF 2-00 to 4-00\Selenium_MVN\src\test\resources
2025-10-13 14:42:49,689 [Worker-33: Building] INFO  o.a.m.s.f.DefaultMavenResourcesFiltering - skip non existing resourceDirectory C:\Users\Admin\Automation MWF 2-00 to 4-00\Selenium_MVN\src\main\resources
2025-10-13 14:42:49,691 [Worker-33: Building] INFO  o.a.m.s.f.DefaultMavenResourcesFiltering - skip non existing resourceDirectory C:\Users\Admin\Automation MWF 2-00 to 4-00\Selenium_MVN\src\test\resources
2025-10-13 14:42:54,708 [Worker-21: Building] INFO  o.a.m.s.f.DefaultMavenResourcesFiltering - skip non existing resourceDirectory C:\Users\Admin\Automation MWF 2-00 to 4-00\Selenium_MVN\src\main\resources
2025-10-13 14:42:54,709 [Worker-21: Building] INFO  o.a.m.s.f.DefaultMavenResourcesFiltering - skip non existing resourceDirectory C:\Users\Admin\Automation MWF 2-00 to 4-00\Selenium_MVN\src\test\resources
2025-10-13 14:43:12,729 [Worker-36: Building] INFO  o.a.m.s.f.DefaultMavenResourcesFiltering - skip non existing resourceDirectory C:\Users\Admin\Automation MWF 2-00 to 4-00\Selenium_MVN\src\main\resources
2025-10-13 14:43:12,730 [Worker-36: Building] INFO  o.a.m.s.f.DefaultMavenResourcesFiltering - skip non existing resourceDirectory C:\Users\Admin\Automation MWF 2-00 to 4-00\Selenium_MVN\src\test\resources
2025-10-13 14:45:33,803 [Worker-38: Building] INFO  o.a.m.s.f.DefaultMavenResourcesFiltering - skip non existing resourceDirectory C:\Users\Admin\Automation MWF 2-00 to 4-00\Selenium_MVN\src\main\resources
2025-10-13 14:45:33,805 [Worker-38: Building] INFO  o.a.m.s.f.DefaultMavenResourcesFiltering - skip non existing resourceDirectory C:\Users\Admin\Automation MWF 2-00 to 4-00\Selenium_MVN\src\test\resources
2025-10-13 14:46:45,241 [Worker-38: Building] INFO  o.a.m.s.f.DefaultMavenResourcesFiltering - skip non existing resourceDirectory C:\Users\Admin\Automation MWF 2-00 to 4-00\Selenium_MVN\src\main\resources
2025-10-13 14:46:45,243 [Worker-38: Building] INFO  o.a.m.s.f.DefaultMavenResourcesFiltering - skip non existing resourceDirectory C:\Users\Admin\Automation MWF 2-00 to 4-00\Selenium_MVN\src\test\resources
2025-10-13 14:47:10,099 [Worker-29: Building] INFO  o.a.m.s.f.DefaultMavenResourcesFiltering - skip non existing resourceDirectory C:\Users\Admin\Automation MWF 2-00 to 4-00\Selenium_MVN\src\main\resources
2025-10-13 14:47:10,101 [Worker-29: Building] INFO  o.a.m.s.f.DefaultMavenResourcesFiltering - skip non existing resourceDirectory C:\Users\Admin\Automation MWF 2-00 to 4-00\Selenium_MVN\src\test\resources
2025-10-13 14:47:26,583 [Worker-29: Building] INFO  o.a.m.s.f.DefaultMavenResourcesFiltering - skip non existing resourceDirectory C:\Users\Admin\Automation MWF 2-00 to 4-00\Selenium_MVN\src\main\resources
2025-10-13 14:47:26,586 [Worker-29: Building] INFO  o.a.m.s.f.DefaultMavenResourcesFiltering - skip non existing resourceDirectory C:\Users\Admin\Automation MWF 2-00 to 4-00\Selenium_MVN\src\test\resources
2025-10-13 14:47:27,629 [Worker-37: Building] INFO  o.a.m.s.f.DefaultMavenResourcesFiltering - skip non existing resourceDirectory C:\Users\Admin\Automation MWF 2-00 to 4-00\Selenium_MVN\src\main\resources
2025-10-13 14:47:27,631 [Worker-37: Building] INFO  o.a.m.s.f.DefaultMavenResourcesFiltering - skip non existing resourceDirectory C:\Users\Admin\Automation MWF 2-00 to 4-00\Selenium_MVN\src\test\resources
2025-10-13 15:15:38,744 [Worker-36: Building] INFO  o.a.m.s.f.DefaultMavenResourcesFiltering - skip non existing resourceDirectory C:\Users\Admin\Automation MWF 2-00 to 4-00\Selenium_MVN\src\main\resources
2025-10-13 15:15:38,745 [Worker-36: Building] INFO  o.a.m.s.f.DefaultMavenResourcesFiltering - skip non existing resourceDirectory C:\Users\Admin\Automation MWF 2-00 to 4-00\Selenium_MVN\src\test\resources
2025-10-27 14:40:58,443 [Worker-2: Loading available Gradle versions] INFO  o.e.b.c.i.u.g.PublishedGradleVersions - Gradle version information cache is out-of-date. Trying to update.
2025-10-27 14:48:10,850 [Worker-3: Loading available Gradle versions] INFO  o.e.b.c.i.u.g.PublishedGradleVersions - Gradle version information cache is up-to-date. Trying to read.
2025-10-27 14:48:23,076 [Worker-24: Building] INFO  o.a.m.s.f.DefaultMavenResourcesFiltering - skip non existing resourceDirectory C:\Users\Admin\Automation MWF 2-00 to 4-00\Selenium_MVN\src\main\resources
2025-10-27 14:48:23,081 [Worker-24: Building] INFO  o.a.m.s.f.DefaultMavenResourcesFiltering - skip non existing resourceDirectory C:\Users\Admin\Automation MWF 2-00 to 4-00\Selenium_MVN\src\test\resources
2025-10-27 14:50:10,084 [Worker-2: Building] INFO  o.a.m.s.f.DefaultMavenResourcesFiltering - skip non existing resourceDirectory C:\Users\Admin\Automation MWF 2-00 to 4-00\Selenium_MVN\src\main\resources
2025-10-27 14:50:10,086 [Worker-2: Building] INFO  o.a.m.s.f.DefaultMavenResourcesFiltering - skip non existing resourceDirectory C:\Users\Admin\Automation MWF 2-00 to 4-00\Selenium_MVN\src\test\resources
2025-10-27 14:52:53,181 [Worker-2: Building] INFO  o.a.m.s.f.DefaultMavenResourcesFiltering - skip non existing resourceDirectory C:\Users\Admin\Automation MWF 2-00 to 4-00\Selenium_MVN\src\main\resources
2025-10-27 14:52:53,183 [Worker-2: Building] INFO  o.a.m.s.f.DefaultMavenResourcesFiltering - skip non existing resourceDirectory C:\Users\Admin\Automation MWF 2-00 to 4-00\Selenium_MVN\src\test\resources
2025-10-27 14:53:08,654 [Worker-4: Building] INFO  o.a.m.s.f.DefaultMavenResourcesFiltering - skip non existing resourceDirectory C:\Users\Admin\Automation MWF 2-00 to 4-00\Selenium_MVN\src\main\resources
2025-10-27 14:53:08,657 [Worker-4: Building] INFO  o.a.m.s.f.DefaultMavenResourcesFiltering - skip non existing resourceDirectory C:\Users\Admin\Automation MWF 2-00 to 4-00\Selenium_MVN\src\test\resources
2025-10-27 14:54:32,938 [Worker-17: Building] INFO  o.a.m.s.f.DefaultMavenResourcesFiltering - skip non existing resourceDirectory C:\Users\Admin\Automation MWF 2-00 to 4-00\Selenium_MVN\src\main\resources
2025-10-27 14:54:32,942 [Worker-17: Building] INFO  o.a.m.s.f.DefaultMavenResourcesFiltering - skip non existing resourceDirectory C:\Users\Admin\Automation MWF 2-00 to 4-00\Selenium_MVN\src\test\resources
2025-10-27 14:54:56,966 [Worker-1: Building] INFO  o.a.m.s.f.DefaultMavenResourcesFiltering - skip non existing resourceDirectory C:\Users\Admin\Automation MWF 2-00 to 4-00\Selenium_MVN\src\main\resources
2025-10-27 14:54:56,968 [Worker-1: Building] INFO  o.a.m.s.f.DefaultMavenResourcesFiltering - skip non existing resourceDirectory C:\Users\Admin\Automation MWF 2-00 to 4-00\Selenium_MVN\src\test\resources
2025-10-27 14:55:23,245 [Worker-4: Building] INFO  o.a.m.s.f.DefaultMavenResourcesFiltering - skip non existing resourceDirectory C:\Users\Admin\Automation MWF 2-00 to 4-00\Selenium_MVN\src\main\resources
2025-10-27 14:55:23,247 [Worker-4: Building] INFO  o.a.m.s.f.DefaultMavenResourcesFiltering - skip non existing resourceDirectory C:\Users\Admin\Automation MWF 2-00 to 4-00\Selenium_MVN\src\test\resources
2025-10-27 14:57:50,859 [Worker-18: Building] INFO  o.a.m.s.f.DefaultMavenResourcesFiltering - skip non existing resourceDirectory C:\Users\Admin\Automation MWF 2-00 to 4-00\Selenium_MVN\src\main\resources
2025-10-27 14:57:50,861 [Worker-18: Building] INFO  o.a.m.s.f.DefaultMavenResourcesFiltering - skip non existing resourceDirectory C:\Users\Admin\Automation MWF 2-00 to 4-00\Selenium_MVN\src\test\resources
2025-10-27 14:59:16,365 [Worker-18: Building] INFO  o.a.m.s.f.DefaultMavenResourcesFiltering - skip non existing resourceDirectory C:\Users\Admin\Automation MWF 2-00 to 4-00\Selenium_MVN\src\main\resources
2025-10-27 14:59:16,368 [Worker-18: Building] INFO  o.a.m.s.f.DefaultMavenResourcesFiltering - skip non existing resourceDirectory C:\Users\Admin\Automation MWF 2-00 to 4-00\Selenium_MVN\src\test\resources
2025-10-27 14:59:47,693 [Worker-1: Building] INFO  o.a.m.s.f.DefaultMavenResourcesFiltering - skip non existing resourceDirectory C:\Users\Admin\Automation MWF 2-00 to 4-00\Selenium_MVN\src\main\resources
2025-10-27 14:59:47,695 [Worker-1: Building] INFO  o.a.m.s.f.DefaultMavenResourcesFiltering - skip non existing resourceDirectory C:\Users\Admin\Automation MWF 2-00 to 4-00\Selenium_MVN\src\test\resources
2025-10-27 15:00:33,193 [Worker-8: Loading available Gradle versions] INFO  o.e.b.c.i.u.g.PublishedGradleVersions - Gradle version information cache is up-to-date. Trying to read.
2025-10-27 15:03:12,478 [Worker-10: Loading available Gradle versions] INFO  o.e.b.c.i.u.g.PublishedGradleVersions - Gradle version information cache is up-to-date. Trying to read.
2025-10-27 15:03:33,974 [Worker-0: Launching P001_OpenBrowser] INFO  o.a.m.s.f.DefaultMavenResourcesFiltering - skip non existing resourceDirectory C:\Users\Admin\Automation MWF 2-00 to 4-00\Selenium_MVN\src\main\resources
2025-10-27 15:03:33,978 [Worker-0: Launching P001_OpenBrowser] INFO  o.a.m.s.f.DefaultMavenResourcesFiltering - skip non existing resourceDirectory C:\Users\Admin\Automation MWF 2-00 to 4-00\Selenium_MVN\src\test\resources
2025-10-27 15:04:25,374 [Worker-8: Building] INFO  o.a.m.s.f.DefaultMavenResourcesFiltering - skip non existing resourceDirectory C:\Users\Admin\Automation MWF 2-00 to 4-00\Selenium_MVN\src\main\resources
2025-10-27 15:04:25,377 [Worker-8: Building] INFO  o.a.m.s.f.DefaultMavenResourcesFiltering - skip non existing resourceDirectory C:\Users\Admin\Automation MWF 2-00 to 4-00\Selenium_MVN\src\test\resources
2025-10-27 15:04:30,379 [Worker-5: Building] INFO  o.a.m.s.f.DefaultMavenResourcesFiltering - skip non existing resourceDirectory C:\Users\Admin\Automation MWF 2-00 to 4-00\Selenium_MVN\src\main\resources
2025-10-27 15:04:30,382 [Worker-5: Building] INFO  o.a.m.s.f.DefaultMavenResourcesFiltering - skip non existing resourceDirectory C:\Users\Admin\Automation MWF 2-00 to 4-00\Selenium_MVN\src\test\resources
2025-10-27 15:36:49,540 [Worker-25: Building] INFO  o.a.m.s.f.DefaultMavenResourcesFiltering - skip non existing resourceDirectory C:\Users\Admin\Automation MWF 2-00 to 4-00\Selenium_MVN\src\main\resources
2025-10-27 15:36:49,542 [Worker-25: Building] INFO  o.a.m.s.f.DefaultMavenResourcesFiltering - skip non existing resourceDirectory C:\Users\Admin\Automation MWF 2-00 to 4-00\Selenium_MVN\src\test\resources
2025-10-27 15:37:25,903 [Worker-31: Building] INFO  o.a.m.s.f.DefaultMavenResourcesFiltering - skip non existing resourceDirectory C:\Users\Admin\Automation MWF 2-00 to 4-00\Selenium_MVN\src\main\resources
2025-10-27 15:37:25,905 [Worker-31: Building] INFO  o.a.m.s.f.DefaultMavenResourcesFiltering - skip non existing resourceDirectory C:\Users\Admin\Automation MWF 2-00 to 4-00\Selenium_MVN\src\test\resources
2025-10-27 15:39:34,392 [Worker-31: Building] INFO  o.a.m.s.f.DefaultMavenResourcesFiltering - skip non existing resourceDirectory C:\Users\Admin\Automation MWF 2-00 to 4-00\Selenium_MVN\src\main\resources
2025-10-27 15:39:34,394 [Worker-31: Building] INFO  o.a.m.s.f.DefaultMavenResourcesFiltering - skip non existing resourceDirectory C:\Users\Admin\Automation MWF 2-00 to 4-00\Selenium_MVN\src\test\resources
2025-10-27 15:40:06,099 [Worker-29: Building] INFO  o.a.m.s.f.DefaultMavenResourcesFiltering - skip non existing resourceDirectory C:\Users\Admin\Automation MWF 2-00 to 4-00\Selenium_MVN\src\main\resources
2025-10-27 15:40:06,101 [Worker-29: Building] INFO  o.a.m.s.f.DefaultMavenResourcesFiltering - skip non existing resourceDirectory C:\Users\Admin\Automation MWF 2-00 to 4-00\Selenium_MVN\src\test\resources
2025-10-27 15:40:44,915 [Worker-29: Building] INFO  o.a.m.s.f.DefaultMavenResourcesFiltering - skip non existing resourceDirectory C:\Users\Admin\Automation MWF 2-00 to 4-00\Selenium_MVN\src\main\resources
2025-10-27 15:40:44,917 [Worker-29: Building] INFO  o.a.m.s.f.DefaultMavenResourcesFiltering - skip non existing resourceDirectory C:\Users\Admin\Automation MWF 2-00 to 4-00\Selenium_MVN\src\test\resources
2025-10-27 15:41:02,846 [Worker-24: Building] INFO  o.a.m.s.f.DefaultMavenResourcesFiltering - skip non existing resourceDirectory C:\Users\Admin\Automation MWF 2-00 to 4-00\Selenium_MVN\src\main\resources
2025-10-27 15:41:02,848 [Worker-24: Building] INFO  o.a.m.s.f.DefaultMavenResourcesFiltering - skip non existing resourceDirectory C:\Users\Admin\Automation MWF 2-00 to 4-00\Selenium_MVN\src\test\resources
2025-10-27 15:41:03,976 [Worker-24: Building] INFO  o.a.m.s.f.DefaultMavenResourcesFiltering - skip non existing resourceDirectory C:\Users\Admin\Automation MWF 2-00 to 4-00\Selenium_MVN\src\main\resources
2025-10-27 15:41:03,978 [Worker-24: Building] INFO  o.a.m.s.f.DefaultMavenResourcesFiltering - skip non existing resourceDirectory C:\Users\Admin\Automation MWF 2-00 to 4-00\Selenium_MVN\src\test\resources
2025-10-29 14:56:11,014 [Worker-8: Loading available Gradle versions] INFO  o.e.b.c.i.u.g.PublishedGradleVersions - Gradle version information cache is out-of-date. Trying to update.
2025-10-29 15:05:06,456 [Worker-26: Building] INFO  o.e.m.c.i.l.LifecycleMappingFactory - Using org.eclipse.m2e.jdt.JarLifecycleMapping lifecycle mapping for MavenProject: com.test:Selenium_MVN:0.0.1-SNAPSHOT @ C:\Users\Admin\Automation MWF 2-00 to 4-00\Selenium_MVN\pom.xml.
2025-10-29 15:05:06,943 [Worker-26: Building] INFO  o.a.m.s.f.DefaultMavenResourcesFiltering - skip non existing resourceDirectory C:\Users\Admin\Automation MWF 2-00 to 4-00\Selenium_MVN\src\main\resources
2025-10-29 15:05:06,947 [Worker-26: Building] INFO  o.a.m.s.f.DefaultMavenResourcesFiltering - skip non existing resourceDirectory C:\Users\Admin\Automation MWF 2-00 to 4-00\Selenium_MVN\src\test\resources
2025-10-29 15:06:58,707 [Worker-28: Building] INFO  o.a.m.s.f.DefaultMavenResourcesFiltering - skip non existing resourceDirectory C:\Users\Admin\Automation MWF 2-00 to 4-00\Selenium_MVN\src\main\resources
2025-10-29 15:06:58,709 [Worker-28: Building] INFO  o.a.m.s.f.DefaultMavenResourcesFiltering - skip non existing resourceDirectory C:\Users\Admin\Automation MWF 2-00 to 4-00\Selenium_MVN\src\test\resources
2025-10-29 15:07:03,988 [Worker-23: Building] INFO  o.a.m.s.f.DefaultMavenResourcesFiltering - skip non existing resourceDirectory C:\Users\Admin\Automation MWF 2-00 to 4-00\Selenium_MVN\src\main\resources
2025-10-29 15:07:03,991 [Worker-23: Building] INFO  o.a.m.s.f.DefaultMavenResourcesFiltering - skip non existing resourceDirectory C:\Users\Admin\Automation MWF 2-00 to 4-00\Selenium_MVN\src\test\resources
2025-10-29 15:07:11,683 [Worker-27: Building] INFO  o.a.m.s.f.DefaultMavenResourcesFiltering - skip non existing resourceDirectory C:\Users\Admin\Automation MWF 2-00 to 4-00\Selenium_MVN\src\main\resources
2025-10-29 15:07:11,686 [Worker-27: Building] INFO  o.a.m.s.f.DefaultMavenResourcesFiltering - skip non existing resourceDirectory C:\Users\Admin\Automation MWF 2-00 to 4-00\Selenium_MVN\src\test\resources
2025-10-29 15:07:16,922 [Worker-23: Building] INFO  o.a.m.s.f.DefaultMavenResourcesFiltering - skip non existing resourceDirectory C:\Users\Admin\Automation MWF 2-00 to 4-00\Selenium_MVN\src\main\resources
2025-10-29 15:07:16,924 [Worker-23: Building] INFO  o.a.m.s.f.DefaultMavenResourcesFiltering - skip non existing resourceDirectory C:\Users\Admin\Automation MWF 2-00 to 4-00\Selenium_MVN\src\test\resources
2025-10-29 15:11:07,297 [Worker-32: Building] INFO  o.a.m.s.f.DefaultMavenResourcesFiltering - skip non existing resourceDirectory C:\Users\Admin\Automation MWF 2-00 to 4-00\Selenium_MVN\src\main\resources
2025-10-29 15:11:07,299 [Worker-32: Building] INFO  o.a.m.s.f.DefaultMavenResourcesFiltering - skip non existing resourceDirectory C:\Users\Admin\Automation MWF 2-00 to 4-00\Selenium_MVN\src\test\resources
2025-10-29 15:12:07,089 [Worker-31: Building] INFO  o.a.m.s.f.DefaultMavenResourcesFiltering - skip non existing resourceDirectory C:\Users\Admin\Automation MWF 2-00 to 4-00\Selenium_MVN\src\main\resources
2025-10-29 15:12:07,091 [Worker-31: Building] INFO  o.a.m.s.f.DefaultMavenResourcesFiltering - skip non existing resourceDirectory C:\Users\Admin\Automation MWF 2-00 to 4-00\Selenium_MVN\src\test\resources
2025-10-29 15:13:10,412 [Worker-31: Building] INFO  o.a.m.s.f.DefaultMavenResourcesFiltering - skip non existing resourceDirectory C:\Users\Admin\Automation MWF 2-00 to 4-00\Selenium_MVN\src\main\resources
2025-10-29 15:13:10,413 [Worker-31: Building] INFO  o.a.m.s.f.DefaultMavenResourcesFiltering - skip non existing resourceDirectory C:\Users\Admin\Automation MWF 2-00 to 4-00\Selenium_MVN\src\test\resources
2025-10-31 14:20:50,655 [Worker-3: Loading available Gradle versions] INFO  o.e.b.c.i.u.g.PublishedGradleVersions - Gradle version information cache is up-to-date. Trying to read.
2025-10-31 14:20:56,310 [Worker-5: Building] INFO  o.a.m.s.f.DefaultMavenResourcesFiltering - skip non existing resourceDirectory C:\Users\Admin\Automation MWF 2-00 to 4-00\Selenium_MVN\src\main\resources
2025-10-31 14:20:56,317 [Worker-5: Building] INFO  o.a.m.s.f.DefaultMavenResourcesFiltering - skip non existing resourceDirectory C:\Users\Admin\Automation MWF 2-00 to 4-00\Selenium_MVN\src\test\resources
2025-10-31 14:20:57,924 [Worker-13: Building] INFO  o.a.m.s.f.DefaultMavenResourcesFiltering - skip non existing resourceDirectory C:\Users\Admin\Automation MWF 2-00 to 4-00\Selenium_MVN\src\main\resources
2025-10-31 14:20:57,927 [Worker-13: Building] INFO  o.a.m.s.f.DefaultMavenResourcesFiltering - skip non existing resourceDirectory C:\Users\Admin\Automation MWF 2-00 to 4-00\Selenium_MVN\src\test\resources
2025-10-31 14:21:42,088 [Worker-17: Building] INFO  o.a.m.s.f.DefaultMavenResourcesFiltering - skip non existing resourceDirectory C:\Users\Admin\Automation MWF 2-00 to 4-00\Selenium_MVN\src\main\resources
2025-10-31 14:21:42,090 [Worker-17: Building] INFO  o.a.m.s.f.DefaultMavenResourcesFiltering - skip non existing resourceDirectory C:\Users\Admin\Automation MWF 2-00 to 4-00\Selenium_MVN\src\test\resources
2025-10-31 14:21:46,461 [Worker-1: Building] INFO  o.a.m.s.f.DefaultMavenResourcesFiltering - skip non existing resourceDirectory C:\Users\Admin\Automation MWF 2-00 to 4-00\Selenium_MVN\src\main\resources
2025-10-31 14:21:46,463 [Worker-1: Building] INFO  o.a.m.s.f.DefaultMavenResourcesFiltering - skip non existing resourceDirectory C:\Users\Admin\Automation MWF 2-00 to 4-00\Selenium_MVN\src\test\resources
2025-10-31 14:22:17,370 [Worker-13: Building] INFO  o.a.m.s.f.DefaultMavenResourcesFiltering - skip non existing resourceDirectory C:\Users\Admin\Automation MWF 2-00 to 4-00\Selenium_MVN\src\main\resources
2025-10-31 14:22:17,374 [Worker-13: Building] INFO  o.a.m.s.f.DefaultMavenResourcesFiltering - skip non existing resourceDirectory C:\Users\Admin\Automation MWF 2-00 to 4-00\Selenium_MVN\src\test\resources
2025-10-31 14:22:21,416 [Worker-19: Building] INFO  o.a.m.s.f.DefaultMavenResourcesFiltering - skip non existing resourceDirectory C:\Users\Admin\Automation MWF 2-00 to 4-00\Selenium_MVN\src\main\resources
2025-10-31 14:22:21,418 [Worker-19: Building] INFO  o.a.m.s.f.DefaultMavenResourcesFiltering - skip non existing resourceDirectory C:\Users\Admin\Automation MWF 2-00 to 4-00\Selenium_MVN\src\test\resources
2025-10-31 14:22:56,913 [Worker-9: Building] INFO  o.a.m.s.f.DefaultMavenResourcesFiltering - skip non existing resourceDirectory C:\Users\Admin\Automation MWF 2-00 to 4-00\Selenium_MVN\src\main\resources
2025-10-31 14:22:56,915 [Worker-9: Building] INFO  o.a.m.s.f.DefaultMavenResourcesFiltering - skip non existing resourceDirectory C:\Users\Admin\Automation MWF 2-00 to 4-00\Selenium_MVN\src\test\resources
2025-10-31 14:22:58,954 [Worker-9: Building] INFO  o.a.m.s.f.DefaultMavenResourcesFiltering - skip non existing resourceDirectory C:\Users\Admin\Automation MWF 2-00 to 4-00\Selenium_MVN\src\main\resources
2025-10-31 14:22:58,956 [Worker-9: Building] INFO  o.a.m.s.f.DefaultMavenResourcesFiltering - skip non existing resourceDirectory C:\Users\Admin\Automation MWF 2-00 to 4-00\Selenium_MVN\src\test\resources
2025-10-31 14:23:15,075 [Worker-5: Building] INFO  o.a.m.s.f.DefaultMavenResourcesFiltering - skip non existing resourceDirectory C:\Users\Admin\Automation MWF 2-00 to 4-00\Selenium_MVN\src\main\resources
2025-10-31 14:23:15,078 [Worker-5: Building] INFO  o.a.m.s.f.DefaultMavenResourcesFiltering - skip non existing resourceDirectory C:\Users\Admin\Automation MWF 2-00 to 4-00\Selenium_MVN\src\test\resources
2025-10-31 14:23:37,925 [Worker-8: Building] INFO  o.a.m.s.f.DefaultMavenResourcesFiltering - skip non existing resourceDirectory C:\Users\Admin\Automation MWF 2-00 to 4-00\Selenium_MVN\src\main\resources
2025-10-31 14:23:37,928 [Worker-8: Building] INFO  o.a.m.s.f.DefaultMavenResourcesFiltering - skip non existing resourceDirectory C:\Users\Admin\Automation MWF 2-00 to 4-00\Selenium_MVN\src\test\resources
2025-10-31 14:24:25,757 [Worker-1: Building] INFO  o.a.m.s.f.DefaultMavenResourcesFiltering - skip non existing resourceDirectory C:\Users\Admin\Automation MWF 2-00 to 4-00\Selenium_MVN\src\main\resources
2025-10-31 14:24:25,759 [Worker-1: Building] INFO  o.a.m.s.f.DefaultMavenResourcesFiltering - skip non existing resourceDirectory C:\Users\Admin\Automation MWF 2-00 to 4-00\Selenium_MVN\src\test\resources
2025-10-31 14:24:31,648 [Worker-10: Building] INFO  o.a.m.s.f.DefaultMavenResourcesFiltering - skip non existing resourceDirectory C:\Users\Admin\Automation MWF 2-00 to 4-00\Selenium_MVN\src\main\resources
2025-10-31 14:24:31,650 [Worker-10: Building] INFO  o.a.m.s.f.DefaultMavenResourcesFiltering - skip non existing resourceDirectory C:\Users\Admin\Automation MWF 2-00 to 4-00\Selenium_MVN\src\test\resources
2025-10-31 14:24:32,697 [Worker-14: Building] INFO  o.a.m.s.f.DefaultMavenResourcesFiltering - skip non existing resourceDirectory C:\Users\Admin\Automation MWF 2-00 to 4-00\Selenium_MVN\src\main\resources
2025-10-31 14:24:32,699 [Worker-14: Building] INFO  o.a.m.s.f.DefaultMavenResourcesFiltering - skip non existing resourceDirectory C:\Users\Admin\Automation MWF 2-00 to 4-00\Selenium_MVN\src\test\resources
2025-10-31 14:25:42,576 [Worker-5: Building] INFO  o.a.m.s.f.DefaultMavenResourcesFiltering - skip non existing resourceDirectory C:\Users\Admin\Automation MWF 2-00 to 4-00\Selenium_MVN\src\main\resources
2025-10-31 14:25:42,578 [Worker-5: Building] INFO  o.a.m.s.f.DefaultMavenResourcesFiltering - skip non existing resourceDirectory C:\Users\Admin\Automation MWF 2-00 to 4-00\Selenium_MVN\src\test\resources
2025-10-31 14:29:59,899 [Worker-23: Building] INFO  o.a.m.s.f.DefaultMavenResourcesFiltering - skip non existing resourceDirectory C:\Users\Admin\Automation MWF 2-00 to 4-00\Selenium_MVN\src\main\resources
2025-10-31 14:29:59,902 [Worker-23: Building] INFO  o.a.m.s.f.DefaultMavenResourcesFiltering - skip non existing resourceDirectory C:\Users\Admin\Automation MWF 2-00 to 4-00\Selenium_MVN\src\test\resources
2025-10-31 14:30:14,704 [Worker-25: Building] INFO  o.a.m.s.f.DefaultMavenResourcesFiltering - skip non existing resourceDirectory C:\Users\Admin\Automation MWF 2-00 to 4-00\Selenium_MVN\src\main\resources
2025-10-31 14:30:14,706 [Worker-25: Building] INFO  o.a.m.s.f.DefaultMavenResourcesFiltering - skip non existing resourceDirectory C:\Users\Admin\Automation MWF 2-00 to 4-00\Selenium_MVN\src\test\resources
2025-10-31 14:30:25,366 [Worker-25: Building] INFO  o.a.m.s.f.DefaultMavenResourcesFiltering - skip non existing resourceDirectory C:\Users\Admin\Automation MWF 2-00 to 4-00\Selenium_MVN\src\main\resources
2025-10-31 14:30:25,368 [Worker-25: Building] INFO  o.a.m.s.f.DefaultMavenResourcesFiltering - skip non existing resourceDirectory C:\Users\Admin\Automation MWF 2-00 to 4-00\Selenium_MVN\src\test\resources
2025-10-31 14:31:30,631 [Worker-25: Building] INFO  o.a.m.s.f.DefaultMavenResourcesFiltering - skip non existing resourceDirectory C:\Users\Admin\Automation MWF 2-00 to 4-00\Selenium_MVN\src\main\resources
2025-10-31 14:31:30,634 [Worker-25: Building] INFO  o.a.m.s.f.DefaultMavenResourcesFiltering - skip non existing resourceDirectory C:\Users\Admin\Automation MWF 2-00 to 4-00\Selenium_MVN\src\test\resources
2025-10-31 14:31:42,484 [Worker-20: Building] INFO  o.a.m.s.f.DefaultMavenResourcesFiltering - skip non existing resourceDirectory C:\Users\Admin\Automation MWF 2-00 to 4-00\Selenium_MVN\src\main\resources
2025-10-31 14:31:42,485 [Worker-20: Building] INFO  o.a.m.s.f.DefaultMavenResourcesFiltering - skip non existing resourceDirectory C:\Users\Admin\Automation MWF 2-00 to 4-00\Selenium_MVN\src\test\resources
2025-10-31 14:34:23,993 [Worker-29: Building] INFO  o.a.m.s.f.DefaultMavenResourcesFiltering - skip non existing resourceDirectory C:\Users\Admin\Automation MWF 2-00 to 4-00\Selenium_MVN\src\main\resources
2025-10-31 14:34:23,994 [Worker-29: Building] INFO  o.a.m.s.f.DefaultMavenResourcesFiltering - skip non existing resourceDirectory C:\Users\Admin\Automation MWF 2-00 to 4-00\Selenium_MVN\src\test\resources
2025-10-31 14:36:26,046 [Worker-28: Building] INFO  o.a.m.s.f.DefaultMavenResourcesFiltering - skip non existing resourceDirectory C:\Users\Admin\Automation MWF 2-00 to 4-00\Selenium_MVN\src\main\resources
2025-10-31 14:36:26,048 [Worker-28: Building] INFO  o.a.m.s.f.DefaultMavenResourcesFiltering - skip non existing resourceDirectory C:\Users\Admin\Automation MWF 2-00 to 4-00\Selenium_MVN\src\test\resources
2025-10-31 14:38:09,376 [Worker-28: Building] INFO  o.a.m.s.f.DefaultMavenResourcesFiltering - skip non existing resourceDirectory C:\Users\Admin\Automation MWF 2-00 to 4-00\Selenium_MVN\src\main\resources
2025-10-31 14:38:09,378 [Worker-28: Building] INFO  o.a.m.s.f.DefaultMavenResourcesFiltering - skip non existing resourceDirectory C:\Users\Admin\Automation MWF 2-00 to 4-00\Selenium_MVN\src\test\resources
2025-10-31 14:39:34,589 [Worker-28: Building] INFO  o.a.m.s.f.DefaultMavenResourcesFiltering - skip non existing resourceDirectory C:\Users\Admin\Automation MWF 2-00 to 4-00\Selenium_MVN\src\main\resources
2025-10-31 14:39:34,590 [Worker-28: Building] INFO  o.a.m.s.f.DefaultMavenResourcesFiltering - skip non existing resourceDirectory C:\Users\Admin\Automation MWF 2-00 to 4-00\Selenium_MVN\src\test\resources
2025-10-31 14:40:06,779 [Worker-32: Building] INFO  o.a.m.s.f.DefaultMavenResourcesFiltering - skip non existing resourceDirectory C:\Users\Admin\Automation MWF 2-00 to 4-00\Selenium_MVN\src\main\resources
2025-10-31 14:40:06,780 [Worker-32: Building] INFO  o.a.m.s.f.DefaultMavenResourcesFiltering - skip non existing resourceDirectory C:\Users\Admin\Automation MWF 2-00 to 4-00\Selenium_MVN\src\test\resources
2025-10-31 14:40:14,909 [Worker-32: Building] INFO  o.a.m.s.f.DefaultMavenResourcesFiltering - skip non existing resourceDirectory C:\Users\Admin\Automation MWF 2-00 to 4-00\Selenium_MVN\src\main\resources
2025-10-31 14:40:14,910 [Worker-32: Building] INFO  o.a.m.s.f.DefaultMavenResourcesFiltering - skip non existing resourceDirectory C:\Users\Admin\Automation MWF 2-00 to 4-00\Selenium_MVN\src\test\resources
2025-10-31 14:40:52,300 [Worker-35: Building] INFO  o.a.m.s.f.DefaultMavenResourcesFiltering - skip non existing resourceDirectory C:\Users\Admin\Automation MWF 2-00 to 4-00\Selenium_MVN\src\main\resources
2025-10-31 14:40:52,303 [Worker-35: Building] INFO  o.a.m.s.f.DefaultMavenResourcesFiltering - skip non existing resourceDirectory C:\Users\Admin\Automation MWF 2-00 to 4-00\Selenium_MVN\src\test\resources
2025-10-31 14:42:19,441 [Worker-26: Building] INFO  o.a.m.s.f.DefaultMavenResourcesFiltering - skip non existing resourceDirectory C:\Users\Admin\Automation MWF 2-00 to 4-00\Selenium_MVN\src\main\resources
2025-10-31 14:42:19,443 [Worker-26: Building] INFO  o.a.m.s.f.DefaultMavenResourcesFiltering - skip non existing resourceDirectory C:\Users\Admin\Automation MWF 2-00 to 4-00\Selenium_MVN\src\test\resources
2025-10-31 14:43:42,987 [Worker-28: Building] INFO  o.a.m.s.f.DefaultMavenResourcesFiltering - skip non existing resourceDirectory C:\Users\Admin\Automation MWF 2-00 to 4-00\Selenium_MVN\src\main\resources
2025-10-31 14:43:42,989 [Worker-28: Building] INFO  o.a.m.s.f.DefaultMavenResourcesFiltering - skip non existing resourceDirectory C:\Users\Admin\Automation MWF 2-00 to 4-00\Selenium_MVN\src\test\resources
2025-10-31 14:43:45,129 [Worker-36: Building] INFO  o.a.m.s.f.DefaultMavenResourcesFiltering - skip non existing resourceDirectory C:\Users\Admin\Automation MWF 2-00 to 4-00\Selenium_MVN\src\main\resources
2025-10-31 14:43:45,130 [Worker-36: Building] INFO  o.a.m.s.f.DefaultMavenResourcesFiltering - skip non existing resourceDirectory C:\Users\Admin\Automation MWF 2-00 to 4-00\Selenium_MVN\src\test\resources
2025-10-31 14:44:07,798 [Worker-34: Building] INFO  o.a.m.s.f.DefaultMavenResourcesFiltering - skip non existing resourceDirectory C:\Users\Admin\Automation MWF 2-00 to 4-00\Selenium_MVN\src\main\resources
2025-10-31 14:44:07,800 [Worker-34: Building] INFO  o.a.m.s.f.DefaultMavenResourcesFiltering - skip non existing resourceDirectory C:\Users\Admin\Automation MWF 2-00 to 4-00\Selenium_MVN\src\test\resources
2025-10-31 14:44:46,242 [Worker-34: Building] INFO  o.a.m.s.f.DefaultMavenResourcesFiltering - skip non existing resourceDirectory C:\Users\Admin\Automation MWF 2-00 to 4-00\Selenium_MVN\src\main\resources
2025-10-31 14:44:46,244 [Worker-34: Building] INFO  o.a.m.s.f.DefaultMavenResourcesFiltering - skip non existing resourceDirectory C:\Users\Admin\Automation MWF 2-00 to 4-00\Selenium_MVN\src\test\resources
2025-10-31 14:46:17,053 [Worker-35: Building] INFO  o.a.m.s.f.DefaultMavenResourcesFiltering - skip non existing resourceDirectory C:\Users\Admin\Automation MWF 2-00 to 4-00\Selenium_MVN\src\main\resources
2025-10-31 14:46:17,056 [Worker-35: Building] INFO  o.a.m.s.f.DefaultMavenResourcesFiltering - skip non existing resourceDirectory C:\Users\Admin\Automation MWF 2-00 to 4-00\Selenium_MVN\src\test\resources
2025-10-31 14:49:16,308 [Worker-39: Building] INFO  o.a.m.s.f.DefaultMavenResourcesFiltering - skip non existing resourceDirectory C:\Users\Admin\Automation MWF 2-00 to 4-00\Selenium_MVN\src\main\resources
2025-10-31 14:49:16,309 [Worker-39: Building] INFO  o.a.m.s.f.DefaultMavenResourcesFiltering - skip non existing resourceDirectory C:\Users\Admin\Automation MWF 2-00 to 4-00\Selenium_MVN\src\test\resources
2025-10-31 14:49:37,954 [Worker-37: Building] INFO  o.a.m.s.f.DefaultMavenResourcesFiltering - skip non existing resourceDirectory C:\Users\Admin\Automation MWF 2-00 to 4-00\Selenium_MVN\src\main\resources
2025-10-31 14:49:37,955 [Worker-37: Building] INFO  o.a.m.s.f.DefaultMavenResourcesFiltering - skip non existing resourceDirectory C:\Users\Admin\Automation MWF 2-00 to 4-00\Selenium_MVN\src\test\resources
2025-10-31 14:50:36,066 [Worker-34: Building] INFO  o.a.m.s.f.DefaultMavenResourcesFiltering - skip non existing resourceDirectory C:\Users\Admin\Automation MWF 2-00 to 4-00\Selenium_MVN\src\main\resources
2025-10-31 14:50:36,068 [Worker-34: Building] INFO  o.a.m.s.f.DefaultMavenResourcesFiltering - skip non existing resourceDirectory C:\Users\Admin\Automation MWF 2-00 to 4-00\Selenium_MVN\src\test\resources
2025-10-31 14:52:02,103 [Worker-38: Building] INFO  o.a.m.s.f.DefaultMavenResourcesFiltering - skip non existing resourceDirectory C:\Users\Admin\Automation MWF 2-00 to 4-00\Selenium_MVN\src\main\resources
2025-10-31 14:52:02,105 [Worker-38: Building] INFO  o.a.m.s.f.DefaultMavenResourcesFiltering - skip non existing resourceDirectory C:\Users\Admin\Automation MWF 2-00 to 4-00\Selenium_MVN\src\test\resources
2025-10-31 14:52:30,088 [Worker-41: Building] INFO  o.a.m.s.f.DefaultMavenResourcesFiltering - skip non existing resourceDirectory C:\Users\Admin\Automation MWF 2-00 to 4-00\Selenium_MVN\src\main\resources
2025-10-31 14:52:30,089 [Worker-41: Building] INFO  o.a.m.s.f.DefaultMavenResourcesFiltering - skip non existing resourceDirectory C:\Users\Admin\Automation MWF 2-00 to 4-00\Selenium_MVN\src\test\resources
2025-10-31 14:52:37,104 [Worker-40: Building] INFO  o.a.m.s.f.DefaultMavenResourcesFiltering - skip non existing resourceDirectory C:\Users\Admin\Automation MWF 2-00 to 4-00\Selenium_MVN\src\main\resources
2025-10-31 14:52:37,105 [Worker-40: Building] INFO  o.a.m.s.f.DefaultMavenResourcesFiltering - skip non existing resourceDirectory C:\Users\Admin\Automation MWF 2-00 to 4-00\Selenium_MVN\src\test\resources
2025-10-31 14:53:05,274 [Worker-42: Building] INFO  o.a.m.s.f.DefaultMavenResourcesFiltering - skip non existing resourceDirectory C:\Users\Admin\Automation MWF 2-00 to 4-00\Selenium_MVN\src\main\resources
2025-10-31 14:53:05,275 [Worker-42: Building] INFO  o.a.m.s.f.DefaultMavenResourcesFiltering - skip non existing resourceDirectory C:\Users\Admin\Automation MWF 2-00 to 4-00\Selenium_MVN\src\test\resources
2025-10-31 14:53:07,470 [Worker-39: Building] INFO  o.a.m.s.f.DefaultMavenResourcesFiltering - skip non existing resourceDirectory C:\Users\Admin\Automation MWF 2-00 to 4-00\Selenium_MVN\src\main\resources
2025-10-31 14:53:07,472 [Worker-39: Building] INFO  o.a.m.s.f.DefaultMavenResourcesFiltering - skip non existing resourceDirectory C:\Users\Admin\Automation MWF 2-00 to 4-00\Selenium_MVN\src\test\resources
2025-10-31 14:53:40,544 [Worker-40: Building] INFO  o.a.m.s.f.DefaultMavenResourcesFiltering - skip non existing resourceDirectory C:\Users\Admin\Automation MWF 2-00 to 4-00\Selenium_MVN\src\main\resources
2025-10-31 14:53:40,545 [Worker-40: Building] INFO  o.a.m.s.f.DefaultMavenResourcesFiltering - skip non existing resourceDirectory C:\Users\Admin\Automation MWF 2-00 to 4-00\Selenium_MVN\src\test\resources
2025-10-31 14:54:36,321 [Worker-40: Building] INFO  o.a.m.s.f.DefaultMavenResourcesFiltering - skip non existing resourceDirectory C:\Users\Admin\Automation MWF 2-00 to 4-00\Selenium_MVN\src\main\resources
2025-10-31 14:54:36,323 [Worker-40: Building] INFO  o.a.m.s.f.DefaultMavenResourcesFiltering - skip non existing resourceDirectory C:\Users\Admin\Automation MWF 2-00 to 4-00\Selenium_MVN\src\test\resources
2025-10-31 14:54:43,225 [Worker-41: Building] INFO  o.a.m.s.f.DefaultMavenResourcesFiltering - skip non existing resourceDirectory C:\Users\Admin\Automation MWF 2-00 to 4-00\Selenium_MVN\src\main\resources
2025-10-31 14:54:43,226 [Worker-41: Building] INFO  o.a.m.s.f.DefaultMavenResourcesFiltering - skip non existing resourceDirectory C:\Users\Admin\Automation MWF 2-00 to 4-00\Selenium_MVN\src\test\resources
2025-10-31 14:54:48,355 [Worker-43: Building] INFO  o.a.m.s.f.DefaultMavenResourcesFiltering - skip non existing resourceDirectory C:\Users\Admin\Automation MWF 2-00 to 4-00\Selenium_MVN\src\main\resources
2025-10-31 14:54:48,356 [Worker-43: Building] INFO  o.a.m.s.f.DefaultMavenResourcesFiltering - skip non existing resourceDirectory C:\Users\Admin\Automation MWF 2-00 to 4-00\Selenium_MVN\src\test\resources
2025-10-31 14:54:58,503 [Worker-43: Building] INFO  o.a.m.s.f.DefaultMavenResourcesFiltering - skip non existing resourceDirectory C:\Users\Admin\Automation MWF 2-00 to 4-00\Selenium_MVN\src\main\resources
2025-10-31 14:54:58,504 [Worker-43: Building] INFO  o.a.m.s.f.DefaultMavenResourcesFiltering - skip non existing resourceDirectory C:\Users\Admin\Automation MWF 2-00 to 4-00\Selenium_MVN\src\test\resources
2025-10-31 14:55:04,747 [Worker-44: Building] INFO  o.a.m.s.f.DefaultMavenResourcesFiltering - skip non existing resourceDirectory C:\Users\Admin\Automation MWF 2-00 to 4-00\Selenium_MVN\src\main\resources
2025-10-31 14:55:04,749 [Worker-44: Building] INFO  o.a.m.s.f.DefaultMavenResourcesFiltering - skip non existing resourceDirectory C:\Users\Admin\Automation MWF 2-00 to 4-00\Selenium_MVN\src\test\resources
2025-10-31 14:55:31,757 [Worker-39: Building] INFO  o.a.m.s.f.DefaultMavenResourcesFiltering - skip non existing resourceDirectory C:\Users\Admin\Automation MWF 2-00 to 4-00\Selenium_MVN\src\main\resources
2025-10-31 14:55:31,758 [Worker-39: Building] INFO  o.a.m.s.f.DefaultMavenResourcesFiltering - skip non existing resourceDirectory C:\Users\Admin\Automation MWF 2-00 to 4-00\Selenium_MVN\src\test\resources
2025-10-31 14:57:55,651 [Worker-38: Building] INFO  o.a.m.s.f.DefaultMavenResourcesFiltering - skip non existing resourceDirectory C:\Users\Admin\Automation MWF 2-00 to 4-00\Selenium_MVN\src\main\resources
2025-10-31 14:57:55,653 [Worker-38: Building] INFO  o.a.m.s.f.DefaultMavenResourcesFiltering - skip non existing resourceDirectory C:\Users\Admin\Automation MWF 2-00 to 4-00\Selenium_MVN\src\test\resources
2025-10-31 14:58:48,822 [Worker-42: Building] INFO  o.a.m.s.f.DefaultMavenResourcesFiltering - skip non existing resourceDirectory C:\Users\Admin\Automation MWF 2-00 to 4-00\Selenium_MVN\src\main\resources
2025-10-31 14:58:48,823 [Worker-42: Building] INFO  o.a.m.s.f.DefaultMavenResourcesFiltering - skip non existing resourceDirectory C:\Users\Admin\Automation MWF 2-00 to 4-00\Selenium_MVN\src\test\resources
2025-10-31 14:59:07,550 [Worker-42: Building] INFO  o.a.m.s.f.DefaultMavenResourcesFiltering - skip non existing resourceDirectory C:\Users\Admin\Automation MWF 2-00 to 4-00\Selenium_MVN\src\main\resources
2025-10-31 14:59:07,551 [Worker-42: Building] INFO  o.a.m.s.f.DefaultMavenResourcesFiltering - skip non existing resourceDirectory C:\Users\Admin\Automation MWF 2-00 to 4-00\Selenium_MVN\src\test\resources
2025-10-31 14:59:29,187 [Worker-42: Building] INFO  o.a.m.s.f.DefaultMavenResourcesFiltering - skip non existing resourceDirectory C:\Users\Admin\Automation MWF 2-00 to 4-00\Selenium_MVN\src\main\resources
2025-10-31 14:59:29,188 [Worker-42: Building] INFO  o.a.m.s.f.DefaultMavenResourcesFiltering - skip non existing resourceDirectory C:\Users\Admin\Automation MWF 2-00 to 4-00\Selenium_MVN\src\test\resources
2025-10-31 15:01:47,215 [Worker-46: Building] INFO  o.a.m.s.f.DefaultMavenResourcesFiltering - skip non existing resourceDirectory C:\Users\Admin\Automation MWF 2-00 to 4-00\Selenium_MVN\src\main\resources
2025-10-31 15:01:47,217 [Worker-46: Building] INFO  o.a.m.s.f.DefaultMavenResourcesFiltering - skip non existing resourceDirectory C:\Users\Admin\Automation MWF 2-00 to 4-00\Selenium_MVN\src\test\resources
2025-10-31 15:02:17,465 [Worker-45: Building] INFO  o.a.m.s.f.DefaultMavenResourcesFiltering - skip non existing resourceDirectory C:\Users\Admin\Automation MWF 2-00 to 4-00\Selenium_MVN\src\main\resources
2025-10-31 15:02:17,467 [Worker-45: Building] INFO  o.a.m.s.f.DefaultMavenResourcesFiltering - skip non existing resourceDirectory C:\Users\Admin\Automation MWF 2-00 to 4-00\Selenium_MVN\src\test\resources
2025-10-31 15:02:43,441 [Worker-45: Building] INFO  o.a.m.s.f.DefaultMavenResourcesFiltering - skip non existing resourceDirectory C:\Users\Admin\Automation MWF 2-00 to 4-00\Selenium_MVN\src\main\resources
2025-10-31 15:02:43,443 [Worker-45: Building] INFO  o.a.m.s.f.DefaultMavenResourcesFiltering - skip non existing resourceDirectory C:\Users\Admin\Automation MWF 2-00 to 4-00\Selenium_MVN\src\test\resources
2025-10-31 15:03:28,205 [Worker-46: Building] INFO  o.a.m.s.f.DefaultMavenResourcesFiltering - skip non existing resourceDirectory C:\Users\Admin\Automation MWF 2-00 to 4-00\Selenium_MVN\src\main\resources
2025-10-31 15:03:28,207 [Worker-46: Building] INFO  o.a.m.s.f.DefaultMavenResourcesFiltering - skip non existing resourceDirectory C:\Users\Admin\Automation MWF 2-00 to 4-00\Selenium_MVN\src\test\resources
2025-10-31 15:04:13,328 [Worker-46: Building] INFO  o.a.m.s.f.DefaultMavenResourcesFiltering - skip non existing resourceDirectory C:\Users\Admin\Automation MWF 2-00 to 4-00\Selenium_MVN\src\main\resources
2025-10-31 15:04:13,330 [Worker-46: Building] INFO  o.a.m.s.f.DefaultMavenResourcesFiltering - skip non existing resourceDirectory C:\Users\Admin\Automation MWF 2-00 to 4-00\Selenium_MVN\src\test\resources
